2025-03-25T09:03:51.563+02:00  INFO 6120 --- [restartedMain] com.example.DemoApplication              : Starting DemoApplication using Java 21.0.2 with PID 6120 (C:\Users\Швец Jr\IdeaProjects\JavaProWithMaven-2\target\classes started by Швец Jr in C:\Users\Швец Jr\IdeaProjects\JavaProWithMaven-2)
2025-03-25T09:03:51.569+02:00  INFO 6120 --- [restartedMain] com.example.DemoApplication              : The following 1 profile is active: "dev"
2025-03-25T09:03:51.639+02:00  INFO 6120 --- [restartedMain] .e.DevToolsPropertyDefaultsPostProcessor : Devtools property defaults active! Set 'spring.devtools.add-properties' to 'false' to disable
2025-03-25T09:03:51.640+02:00  INFO 6120 --- [restartedMain] .e.DevToolsPropertyDefaultsPostProcessor : For additional web related logging consider setting the 'logging.level.web' property to 'DEBUG'
2025-03-25T09:03:52.783+02:00  INFO 6120 --- [restartedMain] .s.d.r.c.RepositoryConfigurationDelegate : Bootstrapping Spring Data JPA repositories in DEFAULT mode.
2025-03-25T09:03:52.955+02:00  INFO 6120 --- [restartedMain] .s.d.r.c.RepositoryConfigurationDelegate : Finished Spring Data repository scanning in 163 ms. Found 10 JPA repository interfaces.
2025-03-25T09:03:53.312+02:00  INFO 6120 --- [restartedMain] faultConfiguringBeanFactoryPostProcessor : No bean named 'errorChannel' has been explicitly defined. Therefore, a default PublishSubscribeChannel will be created.
2025-03-25T09:03:53.322+02:00  INFO 6120 --- [restartedMain] faultConfiguringBeanFactoryPostProcessor : No bean named 'integrationHeaderChannelRegistry' has been explicitly defined. Therefore, a default DefaultHeaderChannelRegistry will be created.
2025-03-25T09:03:54.001+02:00  INFO 6120 --- [restartedMain] o.s.b.w.embedded.tomcat.TomcatWebServer  : Tomcat initialized with port(s): 8080 (http)
2025-03-25T09:03:54.013+02:00  INFO 6120 --- [restartedMain] o.apache.catalina.core.StandardService   : Starting service [Tomcat]
2025-03-25T09:03:54.013+02:00  INFO 6120 --- [restartedMain] o.apache.catalina.core.StandardEngine    : Starting Servlet engine: [Apache Tomcat/10.1.13]
2025-03-25T09:03:54.080+02:00  INFO 6120 --- [restartedMain] o.a.c.c.C.[Tomcat].[localhost].[/]       : Initializing Spring embedded WebApplicationContext
2025-03-25T09:03:54.081+02:00  INFO 6120 --- [restartedMain] w.s.c.ServletWebServerApplicationContext : Root WebApplicationContext: initialization completed in 2440 ms
2025-03-25T09:03:54.228+02:00  INFO 6120 --- [restartedMain] o.hibernate.jpa.internal.util.LogHelper  : HHH000204: Processing PersistenceUnitInfo [name: default]
2025-03-25T09:03:54.311+02:00  INFO 6120 --- [restartedMain] org.hibernate.Version                    : HHH000412: Hibernate ORM core version 6.2.9.Final
2025-03-25T09:03:54.315+02:00  INFO 6120 --- [restartedMain] org.hibernate.cfg.Environment            : HHH000406: Using bytecode reflection optimizer
2025-03-25T09:03:54.493+02:00  INFO 6120 --- [restartedMain] o.h.b.i.BytecodeProviderInitiator        : HHH000021: Bytecode provider name : bytebuddy
2025-03-25T09:03:54.630+02:00  INFO 6120 --- [restartedMain] o.s.o.j.p.SpringPersistenceUnitInfo      : No LoadTimeWeaver setup: ignoring JPA class transformer
2025-03-25T09:03:54.648+02:00  INFO 6120 --- [restartedMain] com.zaxxer.hikari.HikariDataSource       : HikariPool-1 - Starting...
2025-03-25T09:03:55.040+02:00  INFO 6120 --- [restartedMain] com.zaxxer.hikari.pool.HikariPool        : HikariPool-1 - Added connection com.mysql.cj.jdbc.ConnectionImpl@468788b0
2025-03-25T09:03:55.042+02:00  INFO 6120 --- [restartedMain] com.zaxxer.hikari.HikariDataSource       : HikariPool-1 - Start completed.
2025-03-25T09:03:55.399+02:00  INFO 6120 --- [restartedMain] o.h.b.i.BytecodeProviderInitiator        : HHH000021: Bytecode provider name : bytebuddy
2025-03-25T09:03:56.079+02:00  INFO 6120 --- [restartedMain] o.h.e.t.j.p.i.JtaPlatformInitiator       : HHH000490: Using JtaPlatform implementation: [org.hibernate.engine.transaction.jta.platform.internal.NoJtaPlatform]
2025-03-25T09:03:56.208+02:00  INFO 6120 --- [restartedMain] j.LocalContainerEntityManagerFactoryBean : Initialized JPA EntityManagerFactory for persistence unit 'default'
2025-03-25T09:03:57.928+02:00  WARN 6120 --- [restartedMain] JpaBaseConfiguration$JpaWebConfiguration : spring.jpa.open-in-view is enabled by default. Therefore, database queries may be performed during view rendering. Explicitly configure spring.jpa.open-in-view to disable this warning
2025-03-25T09:03:58.200+02:00  INFO 6120 --- [restartedMain] o.s.s.web.DefaultSecurityFilterChain     : Will secure any request with [org.springframework.security.web.session.DisableEncodeUrlFilter@64dd1cd7, org.springframework.security.web.context.request.async.WebAsyncManagerIntegrationFilter@14c6f51a, org.springframework.security.web.context.SecurityContextHolderFilter@686bbe92, org.springframework.security.web.header.HeaderWriterFilter@12c77e88, org.springframework.security.web.authentication.logout.LogoutFilter@96ed520, com.example.security.jwt.JwtAuthenticationFilter@2550a804, org.springframework.security.web.savedrequest.RequestCacheAwareFilter@42b949a2, org.springframework.security.web.servletapi.SecurityContextHolderAwareRequestFilter@7fedb665, org.springframework.security.web.authentication.AnonymousAuthenticationFilter@1d982e7b, org.springframework.security.web.access.ExceptionTranslationFilter@233e7fab, org.springframework.security.web.access.intercept.AuthorizationFilter@28e43677]
2025-03-25T09:03:58.761+02:00  INFO 6120 --- [restartedMain] o.s.b.d.a.OptionalLiveReloadServer       : LiveReload server is running on port 35729
2025-03-25T09:03:58.922+02:00  INFO 6120 --- [restartedMain] o.s.i.endpoint.EventDrivenConsumer       : Adding {logging-channel-adapter:_org.springframework.integration.errorLogger} as a subscriber to the 'errorChannel' channel
2025-03-25T09:03:58.922+02:00  INFO 6120 --- [restartedMain] o.s.i.channel.PublishSubscribeChannel    : Channel 'application.errorChannel' has 1 subscriber(s).
2025-03-25T09:03:58.923+02:00  INFO 6120 --- [restartedMain] o.s.i.endpoint.EventDrivenConsumer       : started bean '_org.springframework.integration.errorLogger'
2025-03-25T09:03:58.948+02:00  INFO 6120 --- [restartedMain] o.s.b.w.embedded.tomcat.TomcatWebServer  : Tomcat started on port(s): 8080 (http) with context path ''
2025-03-25T09:03:58.955+02:00  INFO 6120 --- [restartedMain] o.s.a.r.c.CachingConnectionFactory       : Attempting to connect to: [localhost:5672]
2025-03-25T09:03:59.042+02:00  INFO 6120 --- [restartedMain] o.s.a.r.c.CachingConnectionFactory       : Created new connection: rabbitConnectionFactory#1d1172c9:0/SimpleConnection@5e3ebe04 [delegate=amqp://guest@127.0.0.1:5672/, localPort=51621]
2025-03-25T09:03:59.115+02:00  INFO 6120 --- [restartedMain] com.example.DemoApplication              : Started DemoApplication in 7.973 seconds (process running for 10.007)
2025-03-25T09:04:22.086+02:00  INFO 6120 --- [http-nio-8080-exec-1] o.a.c.c.C.[Tomcat].[localhost].[/]       : Initializing Spring DispatcherServlet 'dispatcherServlet'
2025-03-25T09:04:22.086+02:00  INFO 6120 --- [http-nio-8080-exec-1] o.s.web.servlet.DispatcherServlet        : Initializing Servlet 'dispatcherServlet'
2025-03-25T09:04:22.088+02:00  INFO 6120 --- [http-nio-8080-exec-1] o.s.web.servlet.DispatcherServlet        : Completed initialization in 2 ms
2025-03-25T09:04:22.095+02:00 DEBUG 6120 --- [http-nio-8080-exec-1] o.s.security.web.FilterChainProxy        : Securing POST /api/auth/login
2025-03-25T09:04:22.117+02:00 DEBUG 6120 --- [http-nio-8080-exec-1] o.s.security.web.FilterChainProxy        : Secured POST /api/auth/login
2025-03-25T09:04:22.655+02:00 DEBUG 6120 --- [http-nio-8080-exec-1] o.s.s.a.dao.DaoAuthenticationProvider    : Authenticated user
2025-03-25T09:04:22.657+02:00 DEBUG 6120 --- [http-nio-8080-exec-1] o.s.s.w.a.AnonymousAuthenticationFilter  : Set SecurityContextHolder to anonymous SecurityContext
2025-03-25T09:04:42.116+02:00 DEBUG 6120 --- [http-nio-8080-exec-3] o.s.security.web.FilterChainProxy        : Securing PUT /api/lessons/4/homework/6/comment?comment=Great%20work
2025-03-25T09:04:42.230+02:00 DEBUG 6120 --- [http-nio-8080-exec-3] o.s.security.web.FilterChainProxy        : Secured PUT /api/lessons/4/homework/6/comment?comment=Great%20work
2025-03-25T09:06:59.283+02:00  INFO 6120 --- [org.springframework.amqp.rabbit.RabbitListenerEndpointContainer#0-2] o.s.a.r.l.SimpleMessageListenerContainer : Waiting for workers to finish.
2025-03-25T09:06:59.720+02:00  INFO 6120 --- [org.springframework.amqp.rabbit.RabbitListenerEndpointContainer#0-2] o.s.a.r.l.SimpleMessageListenerContainer : Successfully waited for workers to finish.
2025-03-25T09:06:59.735+02:00  INFO 6120 --- [SpringApplicationShutdownHook] o.s.i.endpoint.EventDrivenConsumer       : Removing {logging-channel-adapter:_org.springframework.integration.errorLogger} as a subscriber to the 'errorChannel' channel
2025-03-25T09:06:59.735+02:00  INFO 6120 --- [SpringApplicationShutdownHook] o.s.i.channel.PublishSubscribeChannel    : Channel 'application.errorChannel' has 0 subscriber(s).
2025-03-25T09:06:59.736+02:00  INFO 6120 --- [SpringApplicationShutdownHook] o.s.i.endpoint.EventDrivenConsumer       : stopped bean '_org.springframework.integration.errorLogger'
2025-03-25T09:06:59.740+02:00  INFO 6120 --- [SpringApplicationShutdownHook] j.LocalContainerEntityManagerFactoryBean : Closing JPA EntityManagerFactory for persistence unit 'default'
2025-03-25T09:06:59.743+02:00  INFO 6120 --- [SpringApplicationShutdownHook] com.zaxxer.hikari.HikariDataSource       : HikariPool-1 - Shutdown initiated...
2025-03-25T09:06:59.756+02:00  INFO 6120 --- [SpringApplicationShutdownHook] com.zaxxer.hikari.HikariDataSource       : HikariPool-1 - Shutdown completed.
2025-03-25T09:07:04.305+02:00  INFO 4020 --- [restartedMain] com.example.DemoApplication              : Starting DemoApplication using Java 21.0.2 with PID 4020 (C:\Users\Швец Jr\IdeaProjects\JavaProWithMaven-2\target\classes started by Швец Jr in C:\Users\Швец Jr\IdeaProjects\JavaProWithMaven-2)
2025-03-25T09:07:04.308+02:00  INFO 4020 --- [restartedMain] com.example.DemoApplication              : The following 1 profile is active: "dev"
2025-03-25T09:07:04.374+02:00  INFO 4020 --- [restartedMain] .e.DevToolsPropertyDefaultsPostProcessor : Devtools property defaults active! Set 'spring.devtools.add-properties' to 'false' to disable
2025-03-25T09:07:04.375+02:00  INFO 4020 --- [restartedMain] .e.DevToolsPropertyDefaultsPostProcessor : For additional web related logging consider setting the 'logging.level.web' property to 'DEBUG'
2025-03-25T09:07:05.029+02:00  INFO 4020 --- [restartedMain] .s.d.r.c.RepositoryConfigurationDelegate : Bootstrapping Spring Data JPA repositories in DEFAULT mode.
2025-03-25T09:07:05.298+02:00  INFO 4020 --- [restartedMain] .s.d.r.c.RepositoryConfigurationDelegate : Finished Spring Data repository scanning in 258 ms. Found 10 JPA repository interfaces.
2025-03-25T09:07:05.665+02:00  INFO 4020 --- [restartedMain] faultConfiguringBeanFactoryPostProcessor : No bean named 'errorChannel' has been explicitly defined. Therefore, a default PublishSubscribeChannel will be created.
2025-03-25T09:07:05.673+02:00  INFO 4020 --- [restartedMain] faultConfiguringBeanFactoryPostProcessor : No bean named 'integrationHeaderChannelRegistry' has been explicitly defined. Therefore, a default DefaultHeaderChannelRegistry will be created.
2025-03-25T09:07:06.422+02:00  INFO 4020 --- [restartedMain] o.s.b.w.embedded.tomcat.TomcatWebServer  : Tomcat initialized with port(s): 8080 (http)
2025-03-25T09:07:06.432+02:00  INFO 4020 --- [restartedMain] o.apache.catalina.core.StandardService   : Starting service [Tomcat]
2025-03-25T09:07:06.432+02:00  INFO 4020 --- [restartedMain] o.apache.catalina.core.StandardEngine    : Starting Servlet engine: [Apache Tomcat/10.1.13]
2025-03-25T09:07:06.502+02:00  INFO 4020 --- [restartedMain] o.a.c.c.C.[Tomcat].[localhost].[/]       : Initializing Spring embedded WebApplicationContext
2025-03-25T09:07:06.503+02:00  INFO 4020 --- [restartedMain] w.s.c.ServletWebServerApplicationContext : Root WebApplicationContext: initialization completed in 2127 ms
2025-03-25T09:07:06.670+02:00  INFO 4020 --- [restartedMain] o.hibernate.jpa.internal.util.LogHelper  : HHH000204: Processing PersistenceUnitInfo [name: default]
2025-03-25T09:07:06.746+02:00  INFO 4020 --- [restartedMain] org.hibernate.Version                    : HHH000412: Hibernate ORM core version 6.2.9.Final
2025-03-25T09:07:06.749+02:00  INFO 4020 --- [restartedMain] org.hibernate.cfg.Environment            : HHH000406: Using bytecode reflection optimizer
2025-03-25T09:07:06.927+02:00  INFO 4020 --- [restartedMain] o.h.b.i.BytecodeProviderInitiator        : HHH000021: Bytecode provider name : bytebuddy
2025-03-25T09:07:07.051+02:00  INFO 4020 --- [restartedMain] o.s.o.j.p.SpringPersistenceUnitInfo      : No LoadTimeWeaver setup: ignoring JPA class transformer
2025-03-25T09:07:07.067+02:00  INFO 4020 --- [restartedMain] com.zaxxer.hikari.HikariDataSource       : HikariPool-1 - Starting...
2025-03-25T09:07:07.366+02:00  INFO 4020 --- [restartedMain] com.zaxxer.hikari.pool.HikariPool        : HikariPool-1 - Added connection com.mysql.cj.jdbc.ConnectionImpl@39b963f3
2025-03-25T09:07:07.368+02:00  INFO 4020 --- [restartedMain] com.zaxxer.hikari.HikariDataSource       : HikariPool-1 - Start completed.
2025-03-25T09:07:07.727+02:00  INFO 4020 --- [restartedMain] o.h.b.i.BytecodeProviderInitiator        : HHH000021: Bytecode provider name : bytebuddy
2025-03-25T09:07:08.395+02:00  INFO 4020 --- [restartedMain] o.h.e.t.j.p.i.JtaPlatformInitiator       : HHH000490: Using JtaPlatform implementation: [org.hibernate.engine.transaction.jta.platform.internal.NoJtaPlatform]
2025-03-25T09:07:08.543+02:00  INFO 4020 --- [restartedMain] j.LocalContainerEntityManagerFactoryBean : Initialized JPA EntityManagerFactory for persistence unit 'default'
2025-03-25T09:07:10.233+02:00  WARN 4020 --- [restartedMain] JpaBaseConfiguration$JpaWebConfiguration : spring.jpa.open-in-view is enabled by default. Therefore, database queries may be performed during view rendering. Explicitly configure spring.jpa.open-in-view to disable this warning
2025-03-25T09:07:10.536+02:00  INFO 4020 --- [restartedMain] o.s.s.web.DefaultSecurityFilterChain     : Will secure any request with [org.springframework.security.web.session.DisableEncodeUrlFilter@57db17e7, org.springframework.security.web.context.request.async.WebAsyncManagerIntegrationFilter@68fe3128, org.springframework.security.web.context.SecurityContextHolderFilter@68c8fce3, org.springframework.security.web.header.HeaderWriterFilter@4aee27be, org.springframework.security.web.authentication.logout.LogoutFilter@1ec15dbb, com.example.security.jwt.JwtAuthenticationFilter@2f93f898, org.springframework.security.web.savedrequest.RequestCacheAwareFilter@6ea182eb, org.springframework.security.web.servletapi.SecurityContextHolderAwareRequestFilter@59a286d5, org.springframework.security.web.authentication.AnonymousAuthenticationFilter@2e7365ef, org.springframework.security.web.access.ExceptionTranslationFilter@482e345f, org.springframework.security.web.access.intercept.AuthorizationFilter@c59525a]
2025-03-25T09:07:11.055+02:00  INFO 4020 --- [restartedMain] o.s.b.d.a.OptionalLiveReloadServer       : LiveReload server is running on port 35729
2025-03-25T09:07:11.211+02:00  INFO 4020 --- [restartedMain] o.s.i.endpoint.EventDrivenConsumer       : Adding {logging-channel-adapter:_org.springframework.integration.errorLogger} as a subscriber to the 'errorChannel' channel
2025-03-25T09:07:11.212+02:00  INFO 4020 --- [restartedMain] o.s.i.channel.PublishSubscribeChannel    : Channel 'application.errorChannel' has 1 subscriber(s).
2025-03-25T09:07:11.212+02:00  INFO 4020 --- [restartedMain] o.s.i.endpoint.EventDrivenConsumer       : started bean '_org.springframework.integration.errorLogger'
2025-03-25T09:07:11.239+02:00  INFO 4020 --- [restartedMain] o.s.b.w.embedded.tomcat.TomcatWebServer  : Tomcat started on port(s): 8080 (http) with context path ''
2025-03-25T09:07:11.247+02:00  INFO 4020 --- [restartedMain] o.s.a.r.c.CachingConnectionFactory       : Attempting to connect to: [localhost:5672]
2025-03-25T09:07:11.356+02:00  INFO 4020 --- [restartedMain] o.s.a.r.c.CachingConnectionFactory       : Created new connection: rabbitConnectionFactory#2f3a765b:0/SimpleConnection@d05c23a [delegate=amqp://guest@127.0.0.1:5672/, localPort=51713]
2025-03-25T09:07:11.451+02:00  INFO 4020 --- [restartedMain] com.example.DemoApplication              : Started DemoApplication in 7.61 seconds (process running for 8.161)
2025-03-25T09:07:28.081+02:00  INFO 4020 --- [http-nio-8080-exec-1] o.a.c.c.C.[Tomcat].[localhost].[/]       : Initializing Spring DispatcherServlet 'dispatcherServlet'
2025-03-25T09:07:28.081+02:00  INFO 4020 --- [http-nio-8080-exec-1] o.s.web.servlet.DispatcherServlet        : Initializing Servlet 'dispatcherServlet'
2025-03-25T09:07:28.083+02:00  INFO 4020 --- [http-nio-8080-exec-1] o.s.web.servlet.DispatcherServlet        : Completed initialization in 2 ms
2025-03-25T09:07:28.092+02:00 DEBUG 4020 --- [http-nio-8080-exec-1] o.s.security.web.FilterChainProxy        : Securing PUT /api/lessons/4/homework/6/comment?comment=Great%20work!
2025-03-25T09:07:28.498+02:00 DEBUG 4020 --- [http-nio-8080-exec-1] o.s.security.web.FilterChainProxy        : Secured PUT /api/lessons/4/homework/6/comment?comment=Great%20work!
2025-03-25T09:07:43.682+02:00 DEBUG 4020 --- [http-nio-8080-exec-2] o.s.security.web.FilterChainProxy        : Securing POST /api/lessons/4/homework
2025-03-25T09:07:43.687+02:00 DEBUG 4020 --- [http-nio-8080-exec-2] o.s.s.w.a.AnonymousAuthenticationFilter  : Set SecurityContextHolder to anonymous SecurityContext
2025-03-25T09:07:43.723+02:00 DEBUG 4020 --- [http-nio-8080-exec-2] o.s.s.w.s.HttpSessionRequestCache        : Saved request http://localhost:8080/api/lessons/4/homework?continue to session
2025-03-25T09:07:43.723+02:00 DEBUG 4020 --- [http-nio-8080-exec-2] o.s.s.w.a.Http403ForbiddenEntryPoint     : Pre-authenticated entry point called. Rejecting access
2025-03-25T09:07:43.727+02:00 DEBUG 4020 --- [http-nio-8080-exec-2] o.s.security.web.FilterChainProxy        : Securing POST /error
2025-03-25T09:07:43.730+02:00 DEBUG 4020 --- [http-nio-8080-exec-2] o.s.s.w.a.AnonymousAuthenticationFilter  : Set SecurityContextHolder to anonymous SecurityContext
2025-03-25T09:07:43.731+02:00 DEBUG 4020 --- [http-nio-8080-exec-2] o.s.s.w.s.HttpSessionRequestCache        : Saved request http://localhost:8080/error?continue to session
2025-03-25T09:07:43.731+02:00 DEBUG 4020 --- [http-nio-8080-exec-2] o.s.s.w.a.Http403ForbiddenEntryPoint     : Pre-authenticated entry point called. Rejecting access
2025-03-25T09:08:05.571+02:00 DEBUG 4020 --- [http-nio-8080-exec-7] o.s.security.web.FilterChainProxy        : Securing POST /api/lessons/4/homework
2025-03-25T09:08:05.592+02:00 DEBUG 4020 --- [http-nio-8080-exec-7] o.s.security.web.FilterChainProxy        : Secured POST /api/lessons/4/homework
2025-03-25T09:08:18.946+02:00 DEBUG 4020 --- [http-nio-8080-exec-6] o.s.security.web.FilterChainProxy        : Securing PUT /api/lessons/4/homework/7/grade
2025-03-25T09:08:18.949+02:00 DEBUG 4020 --- [http-nio-8080-exec-6] o.s.s.w.a.AnonymousAuthenticationFilter  : Set SecurityContextHolder to anonymous SecurityContext
2025-03-25T09:08:18.950+02:00 DEBUG 4020 --- [http-nio-8080-exec-6] o.s.s.w.s.HttpSessionRequestCache        : Saved request http://localhost:8080/api/lessons/4/homework/7/grade?continue to session
2025-03-25T09:08:18.950+02:00 DEBUG 4020 --- [http-nio-8080-exec-6] o.s.s.w.a.Http403ForbiddenEntryPoint     : Pre-authenticated entry point called. Rejecting access
2025-03-25T09:08:18.950+02:00 DEBUG 4020 --- [http-nio-8080-exec-6] o.s.security.web.FilterChainProxy        : Securing PUT /error
2025-03-25T09:08:18.952+02:00 DEBUG 4020 --- [http-nio-8080-exec-6] o.s.s.w.a.AnonymousAuthenticationFilter  : Set SecurityContextHolder to anonymous SecurityContext
2025-03-25T09:08:18.952+02:00 DEBUG 4020 --- [http-nio-8080-exec-6] o.s.s.w.s.HttpSessionRequestCache        : Saved request http://localhost:8080/error?continue to session
2025-03-25T09:08:18.952+02:00 DEBUG 4020 --- [http-nio-8080-exec-6] o.s.s.w.a.Http403ForbiddenEntryPoint     : Pre-authenticated entry point called. Rejecting access
2025-03-25T09:08:23.146+02:00 DEBUG 4020 --- [http-nio-8080-exec-5] o.s.security.web.FilterChainProxy        : Securing PUT /api/lessons/4/homework/7/grade
2025-03-25T09:08:23.165+02:00 DEBUG 4020 --- [http-nio-8080-exec-5] o.s.security.web.FilterChainProxy        : Secured PUT /api/lessons/4/homework/7/grade
2025-03-25T09:08:32.890+02:00 DEBUG 4020 --- [http-nio-8080-exec-10] o.s.security.web.FilterChainProxy        : Securing PUT /api/lessons/4/homework/7/comment?comment=Great%20work!
2025-03-25T09:08:32.921+02:00 DEBUG 4020 --- [http-nio-8080-exec-10] o.s.security.web.FilterChainProxy        : Secured PUT /api/lessons/4/homework/7/comment?comment=Great%20work!
2025-03-25T09:20:02.737+02:00 DEBUG 4020 --- [http-nio-8080-exec-9] o.s.security.web.FilterChainProxy        : Securing POST /api/lessons/4/homework
2025-03-25T09:20:02.767+02:00 DEBUG 4020 --- [http-nio-8080-exec-9] o.s.security.web.FilterChainProxy        : Secured POST /api/lessons/4/homework
2025-03-25T09:23:48.003+02:00 DEBUG 4020 --- [http-nio-8080-exec-2] o.s.security.web.FilterChainProxy        : Securing POST /api/lessons/4/homework
2025-03-25T09:23:48.023+02:00 DEBUG 4020 --- [http-nio-8080-exec-2] o.s.security.web.FilterChainProxy        : Secured POST /api/lessons/4/homework
2025-03-25T09:25:14.199+02:00 DEBUG 4020 --- [http-nio-8080-exec-5] o.s.security.web.FilterChainProxy        : Securing PUT /api/lessons/4/homework/9/comment?comment=Great%20work!
2025-03-25T09:25:14.227+02:00 DEBUG 4020 --- [http-nio-8080-exec-5] o.s.security.web.FilterChainProxy        : Secured PUT /api/lessons/4/homework/9/comment?comment=Great%20work!
2025-03-25T09:25:14.310+02:00 ERROR 4020 --- [http-nio-8080-exec-5] o.a.c.c.C.[.[.[/].[dispatcherServlet]    : Servlet.service() for servlet [dispatcherServlet] in context with path [] threw exception [Request processing failed: org.springframework.http.converter.HttpMessageConversionException: Type definition error: [simple type, class org.hibernate.proxy.pojo.bytebuddy.ByteBuddyInterceptor]] with root cause

com.fasterxml.jackson.databind.exc.InvalidDefinitionException: No serializer found for class org.hibernate.proxy.pojo.bytebuddy.ByteBuddyInterceptor and no properties discovered to create BeanSerializer (to avoid exception, disable SerializationFeature.FAIL_ON_EMPTY_BEANS) (through reference chain: com.example.model.Homework["user"]->com.example.model.User$HibernateProxy$rYJELpXg["hibernateLazyInitializer"])
	at com.fasterxml.jackson.databind.exc.InvalidDefinitionException.from(InvalidDefinitionException.java:77) ~[jackson-databind-2.15.2.jar:2.15.2]
	at com.fasterxml.jackson.databind.SerializerProvider.reportBadDefinition(SerializerProvider.java:1308) ~[jackson-databind-2.15.2.jar:2.15.2]
	at com.fasterxml.jackson.databind.DatabindContext.reportBadDefinition(DatabindContext.java:414) ~[jackson-databind-2.15.2.jar:2.15.2]
	at com.fasterxml.jackson.databind.ser.impl.UnknownSerializer.failForEmpty(UnknownSerializer.java:53) ~[jackson-databind-2.15.2.jar:2.15.2]
	at com.fasterxml.jackson.databind.ser.impl.UnknownSerializer.serialize(UnknownSerializer.java:30) ~[jackson-databind-2.15.2.jar:2.15.2]
	at com.fasterxml.jackson.databind.ser.BeanPropertyWriter.serializeAsField(BeanPropertyWriter.java:732) ~[jackson-databind-2.15.2.jar:2.15.2]
	at com.fasterxml.jackson.databind.ser.std.BeanSerializerBase.serializeFields(BeanSerializerBase.java:772) ~[jackson-databind-2.15.2.jar:2.15.2]
	at com.fasterxml.jackson.databind.ser.std.BeanSerializerBase._serializeWithObjectId(BeanSerializerBase.java:682) ~[jackson-databind-2.15.2.jar:2.15.2]
	at com.fasterxml.jackson.databind.ser.BeanSerializer.serialize(BeanSerializer.java:171) ~[jackson-databind-2.15.2.jar:2.15.2]
	at com.fasterxml.jackson.databind.ser.BeanPropertyWriter.serializeAsField(BeanPropertyWriter.java:732) ~[jackson-databind-2.15.2.jar:2.15.2]
	at com.fasterxml.jackson.databind.ser.std.BeanSerializerBase.serializeFields(BeanSerializerBase.java:772) ~[jackson-databind-2.15.2.jar:2.15.2]
	at com.fasterxml.jackson.databind.ser.BeanSerializer.serialize(BeanSerializer.java:178) ~[jackson-databind-2.15.2.jar:2.15.2]
	at com.fasterxml.jackson.databind.ser.DefaultSerializerProvider._serialize(DefaultSerializerProvider.java:479) ~[jackson-databind-2.15.2.jar:2.15.2]
	at com.fasterxml.jackson.databind.ser.DefaultSerializerProvider.serializeValue(DefaultSerializerProvider.java:318) ~[jackson-databind-2.15.2.jar:2.15.2]
	at com.fasterxml.jackson.databind.ObjectWriter$Prefetch.serialize(ObjectWriter.java:1572) ~[jackson-databind-2.15.2.jar:2.15.2]
	at com.fasterxml.jackson.databind.ObjectWriter.writeValue(ObjectWriter.java:1061) ~[jackson-databind-2.15.2.jar:2.15.2]
	at org.springframework.http.converter.json.AbstractJackson2HttpMessageConverter.writeInternal(AbstractJackson2HttpMessageConverter.java:483) ~[spring-web-6.0.12.jar:6.0.12]
	at org.springframework.http.converter.AbstractGenericHttpMessageConverter.write(AbstractGenericHttpMessageConverter.java:103) ~[spring-web-6.0.12.jar:6.0.12]
	at org.springframework.web.servlet.mvc.method.annotation.AbstractMessageConverterMethodProcessor.writeWithMessageConverters(AbstractMessageConverterMethodProcessor.java:297) ~[spring-webmvc-6.0.12.jar:6.0.12]
	at org.springframework.web.servlet.mvc.method.annotation.RequestResponseBodyMethodProcessor.handleReturnValue(RequestResponseBodyMethodProcessor.java:194) ~[spring-webmvc-6.0.12.jar:6.0.12]
	at org.springframework.web.method.support.HandlerMethodReturnValueHandlerComposite.handleReturnValue(HandlerMethodReturnValueHandlerComposite.java:78) ~[spring-web-6.0.12.jar:6.0.12]
	at org.springframework.web.servlet.mvc.method.annotation.ServletInvocableHandlerMethod.invokeAndHandle(ServletInvocableHandlerMethod.java:136) ~[spring-webmvc-6.0.12.jar:6.0.12]
	at org.springframework.web.servlet.mvc.method.annotation.RequestMappingHandlerAdapter.invokeHandlerMethod(RequestMappingHandlerAdapter.java:884) ~[spring-webmvc-6.0.12.jar:6.0.12]
	at org.springframework.web.servlet.mvc.method.annotation.RequestMappingHandlerAdapter.handleInternal(RequestMappingHandlerAdapter.java:797) ~[spring-webmvc-6.0.12.jar:6.0.12]
	at org.springframework.web.servlet.mvc.method.AbstractHandlerMethodAdapter.handle(AbstractHandlerMethodAdapter.java:87) ~[spring-webmvc-6.0.12.jar:6.0.12]
	at org.springframework.web.servlet.DispatcherServlet.doDispatch(DispatcherServlet.java:1081) ~[spring-webmvc-6.0.12.jar:6.0.12]
	at org.springframework.web.servlet.DispatcherServlet.doService(DispatcherServlet.java:974) ~[spring-webmvc-6.0.12.jar:6.0.12]
	at org.springframework.web.servlet.FrameworkServlet.processRequest(FrameworkServlet.java:1011) ~[spring-webmvc-6.0.12.jar:6.0.12]
	at org.springframework.web.servlet.FrameworkServlet.doPut(FrameworkServlet.java:925) ~[spring-webmvc-6.0.12.jar:6.0.12]
	at jakarta.servlet.http.HttpServlet.service(HttpServlet.java:593) ~[tomcat-embed-core-10.1.13.jar:6.0]
	at org.springframework.web.servlet.FrameworkServlet.service(FrameworkServlet.java:885) ~[spring-webmvc-6.0.12.jar:6.0.12]
	at jakarta.servlet.http.HttpServlet.service(HttpServlet.java:658) ~[tomcat-embed-core-10.1.13.jar:6.0]
	at org.apache.catalina.core.ApplicationFilterChain.internalDoFilter(ApplicationFilterChain.java:205) ~[tomcat-embed-core-10.1.13.jar:10.1.13]
	at org.apache.catalina.core.ApplicationFilterChain.doFilter(ApplicationFilterChain.java:149) ~[tomcat-embed-core-10.1.13.jar:10.1.13]
	at org.apache.tomcat.websocket.server.WsFilter.doFilter(WsFilter.java:51) ~[tomcat-embed-websocket-10.1.13.jar:10.1.13]
	at org.apache.catalina.core.ApplicationFilterChain.internalDoFilter(ApplicationFilterChain.java:174) ~[tomcat-embed-core-10.1.13.jar:10.1.13]
	at org.apache.catalina.core.ApplicationFilterChain.doFilter(ApplicationFilterChain.java:149) ~[tomcat-embed-core-10.1.13.jar:10.1.13]
	at org.springframework.web.filter.OncePerRequestFilter.doFilter(OncePerRequestFilter.java:110) ~[spring-web-6.0.12.jar:6.0.12]
	at org.apache.catalina.core.ApplicationFilterChain.internalDoFilter(ApplicationFilterChain.java:174) ~[tomcat-embed-core-10.1.13.jar:10.1.13]
	at org.apache.catalina.core.ApplicationFilterChain.doFilter(ApplicationFilterChain.java:149) ~[tomcat-embed-core-10.1.13.jar:10.1.13]
	at org.springframework.security.web.FilterChainProxy.lambda$doFilterInternal$3(FilterChainProxy.java:231) ~[spring-security-web-6.1.4.jar:6.1.4]
	at org.springframework.security.web.FilterChainProxy$VirtualFilterChain.doFilter(FilterChainProxy.java:365) ~[spring-security-web-6.1.4.jar:6.1.4]
	at org.springframework.security.web.access.intercept.AuthorizationFilter.doFilter(AuthorizationFilter.java:100) ~[spring-security-web-6.1.4.jar:6.1.4]
	at org.springframework.security.web.FilterChainProxy$VirtualFilterChain.doFilter(FilterChainProxy.java:374) ~[spring-security-web-6.1.4.jar:6.1.4]
	at org.springframework.security.web.access.ExceptionTranslationFilter.doFilter(ExceptionTranslationFilter.java:126) ~[spring-security-web-6.1.4.jar:6.1.4]
	at org.springframework.security.web.access.ExceptionTranslationFilter.doFilter(ExceptionTranslationFilter.java:120) ~[spring-security-web-6.1.4.jar:6.1.4]
	at org.springframework.security.web.FilterChainProxy$VirtualFilterChain.doFilter(FilterChainProxy.java:374) ~[spring-security-web-6.1.4.jar:6.1.4]
	at org.springframework.security.web.authentication.AnonymousAuthenticationFilter.doFilter(AnonymousAuthenticationFilter.java:100) ~[spring-security-web-6.1.4.jar:6.1.4]
	at org.springframework.security.web.FilterChainProxy$VirtualFilterChain.doFilter(FilterChainProxy.java:374) ~[spring-security-web-6.1.4.jar:6.1.4]
	at org.springframework.security.web.servletapi.SecurityContextHolderAwareRequestFilter.doFilter(SecurityContextHolderAwareRequestFilter.java:179) ~[spring-security-web-6.1.4.jar:6.1.4]
	at org.springframework.security.web.FilterChainProxy$VirtualFilterChain.doFilter(FilterChainProxy.java:374) ~[spring-security-web-6.1.4.jar:6.1.4]
	at org.springframework.security.web.savedrequest.RequestCacheAwareFilter.doFilter(RequestCacheAwareFilter.java:63) ~[spring-security-web-6.1.4.jar:6.1.4]
	at org.springframework.security.web.FilterChainProxy$VirtualFilterChain.doFilter(FilterChainProxy.java:374) ~[spring-security-web-6.1.4.jar:6.1.4]
	at com.example.security.jwt.JwtAuthenticationFilter.doFilterInternal(JwtAuthenticationFilter.java:54) ~[classes/:na]
	at org.springframework.web.filter.OncePerRequestFilter.doFilter(OncePerRequestFilter.java:116) ~[spring-web-6.0.12.jar:6.0.12]
	at org.springframework.security.web.FilterChainProxy$VirtualFilterChain.doFilter(FilterChainProxy.java:374) ~[spring-security-web-6.1.4.jar:6.1.4]
	at org.springframework.security.web.authentication.logout.LogoutFilter.doFilter(LogoutFilter.java:107) ~[spring-security-web-6.1.4.jar:6.1.4]
	at org.springframework.security.web.authentication.logout.LogoutFilter.doFilter(LogoutFilter.java:93) ~[spring-security-web-6.1.4.jar:6.1.4]
	at org.springframework.security.web.FilterChainProxy$VirtualFilterChain.doFilter(FilterChainProxy.java:374) ~[spring-security-web-6.1.4.jar:6.1.4]
	at org.springframework.security.web.header.HeaderWriterFilter.doHeadersAfter(HeaderWriterFilter.java:90) ~[spring-security-web-6.1.4.jar:6.1.4]
	at org.springframework.security.web.header.HeaderWriterFilter.doFilterInternal(HeaderWriterFilter.java:75) ~[spring-security-web-6.1.4.jar:6.1.4]
	at org.springframework.web.filter.OncePerRequestFilter.doFilter(OncePerRequestFilter.java:116) ~[spring-web-6.0.12.jar:6.0.12]
	at org.springframework.security.web.FilterChainProxy$VirtualFilterChain.doFilter(FilterChainProxy.java:374) ~[spring-security-web-6.1.4.jar:6.1.4]
	at org.springframework.security.web.context.SecurityContextHolderFilter.doFilter(SecurityContextHolderFilter.java:82) ~[spring-security-web-6.1.4.jar:6.1.4]
	at org.springframework.security.web.context.SecurityContextHolderFilter.doFilter(SecurityContextHolderFilter.java:69) ~[spring-security-web-6.1.4.jar:6.1.4]
	at org.springframework.security.web.FilterChainProxy$VirtualFilterChain.doFilter(FilterChainProxy.java:374) ~[spring-security-web-6.1.4.jar:6.1.4]
	at org.springframework.security.web.context.request.async.WebAsyncManagerIntegrationFilter.doFilterInternal(WebAsyncManagerIntegrationFilter.java:62) ~[spring-security-web-6.1.4.jar:6.1.4]
	at org.springframework.web.filter.OncePerRequestFilter.doFilter(OncePerRequestFilter.java:116) ~[spring-web-6.0.12.jar:6.0.12]
	at org.springframework.security.web.FilterChainProxy$VirtualFilterChain.doFilter(FilterChainProxy.java:374) ~[spring-security-web-6.1.4.jar:6.1.4]
	at org.springframework.security.web.session.DisableEncodeUrlFilter.doFilterInternal(DisableEncodeUrlFilter.java:42) ~[spring-security-web-6.1.4.jar:6.1.4]
	at org.springframework.web.filter.OncePerRequestFilter.doFilter(OncePerRequestFilter.java:116) ~[spring-web-6.0.12.jar:6.0.12]
	at org.springframework.security.web.FilterChainProxy$VirtualFilterChain.doFilter(FilterChainProxy.java:374) ~[spring-security-web-6.1.4.jar:6.1.4]
	at org.springframework.security.web.FilterChainProxy.doFilterInternal(FilterChainProxy.java:233) ~[spring-security-web-6.1.4.jar:6.1.4]
	at org.springframework.security.web.FilterChainProxy.doFilter(FilterChainProxy.java:191) ~[spring-security-web-6.1.4.jar:6.1.4]
	at org.springframework.web.filter.DelegatingFilterProxy.invokeDelegate(DelegatingFilterProxy.java:352) ~[spring-web-6.0.12.jar:6.0.12]
	at org.springframework.web.filter.DelegatingFilterProxy.doFilter(DelegatingFilterProxy.java:268) ~[spring-web-6.0.12.jar:6.0.12]
	at org.apache.catalina.core.ApplicationFilterChain.internalDoFilter(ApplicationFilterChain.java:174) ~[tomcat-embed-core-10.1.13.jar:10.1.13]
	at org.apache.catalina.core.ApplicationFilterChain.doFilter(ApplicationFilterChain.java:149) ~[tomcat-embed-core-10.1.13.jar:10.1.13]
	at org.springframework.web.filter.CharacterEncodingFilter.doFilterInternal(CharacterEncodingFilter.java:201) ~[spring-web-6.0.12.jar:6.0.12]
	at org.springframework.web.filter.OncePerRequestFilter.doFilter(OncePerRequestFilter.java:116) ~[spring-web-6.0.12.jar:6.0.12]
	at org.apache.catalina.core.ApplicationFilterChain.internalDoFilter(ApplicationFilterChain.java:174) ~[tomcat-embed-core-10.1.13.jar:10.1.13]
	at org.apache.catalina.core.ApplicationFilterChain.doFilter(ApplicationFilterChain.java:149) ~[tomcat-embed-core-10.1.13.jar:10.1.13]
	at org.apache.catalina.core.StandardWrapperValve.invoke(StandardWrapperValve.java:167) ~[tomcat-embed-core-10.1.13.jar:10.1.13]
	at org.apache.catalina.core.StandardContextValve.invoke(StandardContextValve.java:90) ~[tomcat-embed-core-10.1.13.jar:10.1.13]
	at org.apache.catalina.authenticator.AuthenticatorBase.invoke(AuthenticatorBase.java:482) ~[tomcat-embed-core-10.1.13.jar:10.1.13]
	at org.apache.catalina.core.StandardHostValve.invoke(StandardHostValve.java:115) ~[tomcat-embed-core-10.1.13.jar:10.1.13]
	at org.apache.catalina.valves.ErrorReportValve.invoke(ErrorReportValve.java:93) ~[tomcat-embed-core-10.1.13.jar:10.1.13]
	at org.apache.catalina.core.StandardEngineValve.invoke(StandardEngineValve.java:74) ~[tomcat-embed-core-10.1.13.jar:10.1.13]
	at org.apache.catalina.connector.CoyoteAdapter.service(CoyoteAdapter.java:341) ~[tomcat-embed-core-10.1.13.jar:10.1.13]
	at org.apache.coyote.http11.Http11Processor.service(Http11Processor.java:391) ~[tomcat-embed-core-10.1.13.jar:10.1.13]
	at org.apache.coyote.AbstractProcessorLight.process(AbstractProcessorLight.java:63) ~[tomcat-embed-core-10.1.13.jar:10.1.13]
	at org.apache.coyote.AbstractProtocol$ConnectionHandler.process(AbstractProtocol.java:894) ~[tomcat-embed-core-10.1.13.jar:10.1.13]
	at org.apache.tomcat.util.net.NioEndpoint$SocketProcessor.doRun(NioEndpoint.java:1740) ~[tomcat-embed-core-10.1.13.jar:10.1.13]
	at org.apache.tomcat.util.net.SocketProcessorBase.run(SocketProcessorBase.java:52) ~[tomcat-embed-core-10.1.13.jar:10.1.13]
	at org.apache.tomcat.util.threads.ThreadPoolExecutor.runWorker(ThreadPoolExecutor.java:1191) ~[tomcat-embed-core-10.1.13.jar:10.1.13]
	at org.apache.tomcat.util.threads.ThreadPoolExecutor$Worker.run(ThreadPoolExecutor.java:659) ~[tomcat-embed-core-10.1.13.jar:10.1.13]
	at org.apache.tomcat.util.threads.TaskThread$WrappingRunnable.run(TaskThread.java:61) ~[tomcat-embed-core-10.1.13.jar:10.1.13]
	at java.base/java.lang.Thread.run(Thread.java:1583) ~[na:na]

2025-03-25T09:25:14.320+02:00 DEBUG 4020 --- [http-nio-8080-exec-5] o.s.security.web.FilterChainProxy        : Securing PUT /error?comment=Great%20work!
2025-03-25T09:25:14.322+02:00 DEBUG 4020 --- [http-nio-8080-exec-5] o.s.s.w.a.AnonymousAuthenticationFilter  : Set SecurityContextHolder to anonymous SecurityContext
2025-03-25T09:25:14.323+02:00 DEBUG 4020 --- [http-nio-8080-exec-5] o.s.s.w.s.HttpSessionRequestCache        : Saved request http://localhost:8080/error?comment=Great%20work!&continue to session
2025-03-25T09:25:14.323+02:00 DEBUG 4020 --- [http-nio-8080-exec-5] o.s.s.w.a.Http403ForbiddenEntryPoint     : Pre-authenticated entry point called. Rejecting access
2025-03-25T09:26:56.975+02:00  INFO 4020 --- [org.springframework.amqp.rabbit.RabbitListenerEndpointContainer#0-2] o.s.a.r.l.SimpleMessageListenerContainer : Waiting for workers to finish.
2025-03-25T09:26:57.411+02:00  INFO 4020 --- [org.springframework.amqp.rabbit.RabbitListenerEndpointContainer#0-2] o.s.a.r.l.SimpleMessageListenerContainer : Successfully waited for workers to finish.
2025-03-25T09:26:57.443+02:00  INFO 4020 --- [SpringApplicationShutdownHook] o.s.i.endpoint.EventDrivenConsumer       : Removing {logging-channel-adapter:_org.springframework.integration.errorLogger} as a subscriber to the 'errorChannel' channel
2025-03-25T09:26:57.443+02:00  INFO 4020 --- [SpringApplicationShutdownHook] o.s.i.channel.PublishSubscribeChannel    : Channel 'application.errorChannel' has 0 subscriber(s).
2025-03-25T09:26:57.444+02:00  INFO 4020 --- [SpringApplicationShutdownHook] o.s.i.endpoint.EventDrivenConsumer       : stopped bean '_org.springframework.integration.errorLogger'
2025-03-25T09:26:57.449+02:00  INFO 4020 --- [SpringApplicationShutdownHook] j.LocalContainerEntityManagerFactoryBean : Closing JPA EntityManagerFactory for persistence unit 'default'
2025-03-25T09:26:57.451+02:00  INFO 4020 --- [SpringApplicationShutdownHook] com.zaxxer.hikari.HikariDataSource       : HikariPool-1 - Shutdown initiated...
2025-03-25T09:26:57.467+02:00  INFO 4020 --- [SpringApplicationShutdownHook] com.zaxxer.hikari.HikariDataSource       : HikariPool-1 - Shutdown completed.
2025-03-25T09:27:05.646+02:00  INFO 16368 --- [restartedMain] com.example.DemoApplication              : Starting DemoApplication using Java 21.0.2 with PID 16368 (C:\Users\Швец Jr\IdeaProjects\JavaProWithMaven-2\target\classes started by Швец Jr in C:\Users\Швец Jr\IdeaProjects\JavaProWithMaven-2)
2025-03-25T09:27:05.648+02:00  INFO 16368 --- [restartedMain] com.example.DemoApplication              : The following 1 profile is active: "dev"
2025-03-25T09:27:05.721+02:00  INFO 16368 --- [restartedMain] .e.DevToolsPropertyDefaultsPostProcessor : Devtools property defaults active! Set 'spring.devtools.add-properties' to 'false' to disable
2025-03-25T09:27:05.722+02:00  INFO 16368 --- [restartedMain] .e.DevToolsPropertyDefaultsPostProcessor : For additional web related logging consider setting the 'logging.level.web' property to 'DEBUG'
2025-03-25T09:27:06.883+02:00  INFO 16368 --- [restartedMain] .s.d.r.c.RepositoryConfigurationDelegate : Bootstrapping Spring Data JPA repositories in DEFAULT mode.
2025-03-25T09:27:07.137+02:00  INFO 16368 --- [restartedMain] .s.d.r.c.RepositoryConfigurationDelegate : Finished Spring Data repository scanning in 233 ms. Found 10 JPA repository interfaces.
2025-03-25T09:27:07.629+02:00  INFO 16368 --- [restartedMain] faultConfiguringBeanFactoryPostProcessor : No bean named 'errorChannel' has been explicitly defined. Therefore, a default PublishSubscribeChannel will be created.
2025-03-25T09:27:07.638+02:00  INFO 16368 --- [restartedMain] faultConfiguringBeanFactoryPostProcessor : No bean named 'integrationHeaderChannelRegistry' has been explicitly defined. Therefore, a default DefaultHeaderChannelRegistry will be created.
2025-03-25T09:27:08.556+02:00  INFO 16368 --- [restartedMain] o.s.b.w.embedded.tomcat.TomcatWebServer  : Tomcat initialized with port(s): 8080 (http)
2025-03-25T09:27:08.570+02:00  INFO 16368 --- [restartedMain] o.apache.catalina.core.StandardService   : Starting service [Tomcat]
2025-03-25T09:27:08.571+02:00  INFO 16368 --- [restartedMain] o.apache.catalina.core.StandardEngine    : Starting Servlet engine: [Apache Tomcat/10.1.13]
2025-03-25T09:27:08.683+02:00  INFO 16368 --- [restartedMain] o.a.c.c.C.[Tomcat].[localhost].[/]       : Initializing Spring embedded WebApplicationContext
2025-03-25T09:27:08.684+02:00  INFO 16368 --- [restartedMain] w.s.c.ServletWebServerApplicationContext : Root WebApplicationContext: initialization completed in 2962 ms
2025-03-25T09:27:08.916+02:00  INFO 16368 --- [restartedMain] o.hibernate.jpa.internal.util.LogHelper  : HHH000204: Processing PersistenceUnitInfo [name: default]
2025-03-25T09:27:08.980+02:00  INFO 16368 --- [restartedMain] org.hibernate.Version                    : HHH000412: Hibernate ORM core version 6.2.9.Final
2025-03-25T09:27:08.984+02:00  INFO 16368 --- [restartedMain] org.hibernate.cfg.Environment            : HHH000406: Using bytecode reflection optimizer
2025-03-25T09:27:09.139+02:00  INFO 16368 --- [restartedMain] o.h.b.i.BytecodeProviderInitiator        : HHH000021: Bytecode provider name : bytebuddy
2025-03-25T09:27:09.259+02:00  INFO 16368 --- [restartedMain] o.s.o.j.p.SpringPersistenceUnitInfo      : No LoadTimeWeaver setup: ignoring JPA class transformer
2025-03-25T09:27:09.274+02:00  INFO 16368 --- [restartedMain] com.zaxxer.hikari.HikariDataSource       : HikariPool-1 - Starting...
2025-03-25T09:27:09.572+02:00  INFO 16368 --- [restartedMain] com.zaxxer.hikari.pool.HikariPool        : HikariPool-1 - Added connection com.mysql.cj.jdbc.ConnectionImpl@ca81f73
2025-03-25T09:27:09.574+02:00  INFO 16368 --- [restartedMain] com.zaxxer.hikari.HikariDataSource       : HikariPool-1 - Start completed.
2025-03-25T09:27:09.900+02:00  INFO 16368 --- [restartedMain] o.h.b.i.BytecodeProviderInitiator        : HHH000021: Bytecode provider name : bytebuddy
2025-03-25T09:27:10.545+02:00  INFO 16368 --- [restartedMain] o.h.e.t.j.p.i.JtaPlatformInitiator       : HHH000490: Using JtaPlatform implementation: [org.hibernate.engine.transaction.jta.platform.internal.NoJtaPlatform]
2025-03-25T09:27:10.687+02:00  INFO 16368 --- [restartedMain] j.LocalContainerEntityManagerFactoryBean : Initialized JPA EntityManagerFactory for persistence unit 'default'
2025-03-25T09:27:12.276+02:00  WARN 16368 --- [restartedMain] JpaBaseConfiguration$JpaWebConfiguration : spring.jpa.open-in-view is enabled by default. Therefore, database queries may be performed during view rendering. Explicitly configure spring.jpa.open-in-view to disable this warning
2025-03-25T09:27:12.521+02:00  INFO 16368 --- [restartedMain] o.s.s.web.DefaultSecurityFilterChain     : Will secure any request with [org.springframework.security.web.session.DisableEncodeUrlFilter@5d54eba6, org.springframework.security.web.context.request.async.WebAsyncManagerIntegrationFilter@109de29c, org.springframework.security.web.context.SecurityContextHolderFilter@4790ee58, org.springframework.security.web.header.HeaderWriterFilter@aeefbc5, org.springframework.security.web.authentication.logout.LogoutFilter@6f83e9dc, com.example.security.jwt.JwtAuthenticationFilter@2abeb67, org.springframework.security.web.savedrequest.RequestCacheAwareFilter@2cb25658, org.springframework.security.web.servletapi.SecurityContextHolderAwareRequestFilter@23bf5604, org.springframework.security.web.authentication.AnonymousAuthenticationFilter@5e2617f4, org.springframework.security.web.access.ExceptionTranslationFilter@2c971f7, org.springframework.security.web.access.intercept.AuthorizationFilter@5c224af9]
2025-03-25T09:27:13.008+02:00  INFO 16368 --- [restartedMain] o.s.b.d.a.OptionalLiveReloadServer       : LiveReload server is running on port 35729
2025-03-25T09:27:13.149+02:00  INFO 16368 --- [restartedMain] o.s.i.endpoint.EventDrivenConsumer       : Adding {logging-channel-adapter:_org.springframework.integration.errorLogger} as a subscriber to the 'errorChannel' channel
2025-03-25T09:27:13.149+02:00  INFO 16368 --- [restartedMain] o.s.i.channel.PublishSubscribeChannel    : Channel 'application.errorChannel' has 1 subscriber(s).
2025-03-25T09:27:13.150+02:00  INFO 16368 --- [restartedMain] o.s.i.endpoint.EventDrivenConsumer       : started bean '_org.springframework.integration.errorLogger'
2025-03-25T09:27:13.175+02:00  INFO 16368 --- [restartedMain] o.s.b.w.embedded.tomcat.TomcatWebServer  : Tomcat started on port(s): 8080 (http) with context path ''
2025-03-25T09:27:13.181+02:00  INFO 16368 --- [restartedMain] o.s.a.r.c.CachingConnectionFactory       : Attempting to connect to: [localhost:5672]
2025-03-25T09:27:13.237+02:00  INFO 16368 --- [restartedMain] o.s.a.r.c.CachingConnectionFactory       : Created new connection: rabbitConnectionFactory#2aa30349:0/SimpleConnection@6fd69c54 [delegate=amqp://guest@127.0.0.1:5672/, localPort=52016]
2025-03-25T09:27:13.299+02:00  INFO 16368 --- [restartedMain] com.example.DemoApplication              : Started DemoApplication in 8.228 seconds (process running for 9.664)
2025-03-25T09:27:27.590+02:00  INFO 16368 --- [http-nio-8080-exec-2] o.a.c.c.C.[Tomcat].[localhost].[/]       : Initializing Spring DispatcherServlet 'dispatcherServlet'
2025-03-25T09:27:27.590+02:00  INFO 16368 --- [http-nio-8080-exec-2] o.s.web.servlet.DispatcherServlet        : Initializing Servlet 'dispatcherServlet'
2025-03-25T09:27:27.592+02:00  INFO 16368 --- [http-nio-8080-exec-2] o.s.web.servlet.DispatcherServlet        : Completed initialization in 2 ms
2025-03-25T09:27:27.601+02:00 DEBUG 16368 --- [http-nio-8080-exec-2] o.s.security.web.FilterChainProxy        : Securing POST /api/lessons/4/homework
2025-03-25T09:27:28.022+02:00 DEBUG 16368 --- [http-nio-8080-exec-2] o.s.security.web.FilterChainProxy        : Secured POST /api/lessons/4/homework
2025-03-25T09:27:58.511+02:00 DEBUG 16368 --- [http-nio-8080-exec-3] o.s.security.web.FilterChainProxy        : Securing PUT /api/lessons/4/homework/10/grade
2025-03-25T09:27:58.535+02:00 DEBUG 16368 --- [http-nio-8080-exec-3] o.s.security.web.FilterChainProxy        : Secured PUT /api/lessons/4/homework/10/grade
2025-03-25T09:28:09.349+02:00 DEBUG 16368 --- [http-nio-8080-exec-4] o.s.security.web.FilterChainProxy        : Securing PUT /api/lessons/4/homework/10/comment?comment=Great%20work!
2025-03-25T09:28:09.371+02:00 DEBUG 16368 --- [http-nio-8080-exec-4] o.s.security.web.FilterChainProxy        : Secured PUT /api/lessons/4/homework/10/comment?comment=Great%20work!
2025-03-25T09:29:54.422+02:00  INFO 16368 --- [org.springframework.amqp.rabbit.RabbitListenerEndpointContainer#0-2] o.s.a.r.l.SimpleMessageListenerContainer : Waiting for workers to finish.
2025-03-25T09:29:54.632+02:00  INFO 16368 --- [org.springframework.amqp.rabbit.RabbitListenerEndpointContainer#0-2] o.s.a.r.l.SimpleMessageListenerContainer : Successfully waited for workers to finish.
2025-03-25T09:29:54.657+02:00  INFO 16368 --- [SpringApplicationShutdownHook] o.s.i.endpoint.EventDrivenConsumer       : Removing {logging-channel-adapter:_org.springframework.integration.errorLogger} as a subscriber to the 'errorChannel' channel
2025-03-25T09:29:54.657+02:00  INFO 16368 --- [SpringApplicationShutdownHook] o.s.i.channel.PublishSubscribeChannel    : Channel 'application.errorChannel' has 0 subscriber(s).
2025-03-25T09:29:54.658+02:00  INFO 16368 --- [SpringApplicationShutdownHook] o.s.i.endpoint.EventDrivenConsumer       : stopped bean '_org.springframework.integration.errorLogger'
2025-03-25T09:29:54.664+02:00  INFO 16368 --- [SpringApplicationShutdownHook] j.LocalContainerEntityManagerFactoryBean : Closing JPA EntityManagerFactory for persistence unit 'default'
2025-03-25T09:29:54.666+02:00  INFO 16368 --- [SpringApplicationShutdownHook] com.zaxxer.hikari.HikariDataSource       : HikariPool-1 - Shutdown initiated...
2025-03-25T09:29:54.678+02:00  INFO 16368 --- [SpringApplicationShutdownHook] com.zaxxer.hikari.HikariDataSource       : HikariPool-1 - Shutdown completed.
2025-03-25T09:29:58.976+02:00  INFO 3592 --- [restartedMain] com.example.DemoApplication              : Starting DemoApplication using Java 21.0.2 with PID 3592 (C:\Users\Швец Jr\IdeaProjects\JavaProWithMaven-2\target\classes started by Швец Jr in C:\Users\Швец Jr\IdeaProjects\JavaProWithMaven-2)
2025-03-25T09:29:58.978+02:00  INFO 3592 --- [restartedMain] com.example.DemoApplication              : The following 1 profile is active: "dev"
2025-03-25T09:29:59.062+02:00  INFO 3592 --- [restartedMain] .e.DevToolsPropertyDefaultsPostProcessor : Devtools property defaults active! Set 'spring.devtools.add-properties' to 'false' to disable
2025-03-25T09:29:59.063+02:00  INFO 3592 --- [restartedMain] .e.DevToolsPropertyDefaultsPostProcessor : For additional web related logging consider setting the 'logging.level.web' property to 'DEBUG'
2025-03-25T09:29:59.680+02:00  INFO 3592 --- [restartedMain] .s.d.r.c.RepositoryConfigurationDelegate : Bootstrapping Spring Data JPA repositories in DEFAULT mode.
2025-03-25T09:29:59.833+02:00  INFO 3592 --- [restartedMain] .s.d.r.c.RepositoryConfigurationDelegate : Finished Spring Data repository scanning in 145 ms. Found 10 JPA repository interfaces.
2025-03-25T09:30:00.156+02:00  INFO 3592 --- [restartedMain] faultConfiguringBeanFactoryPostProcessor : No bean named 'errorChannel' has been explicitly defined. Therefore, a default PublishSubscribeChannel will be created.
2025-03-25T09:30:00.163+02:00  INFO 3592 --- [restartedMain] faultConfiguringBeanFactoryPostProcessor : No bean named 'integrationHeaderChannelRegistry' has been explicitly defined. Therefore, a default DefaultHeaderChannelRegistry will be created.
2025-03-25T09:30:00.801+02:00  INFO 3592 --- [restartedMain] o.s.b.w.embedded.tomcat.TomcatWebServer  : Tomcat initialized with port(s): 8080 (http)
2025-03-25T09:30:00.810+02:00  INFO 3592 --- [restartedMain] o.apache.catalina.core.StandardService   : Starting service [Tomcat]
2025-03-25T09:30:00.810+02:00  INFO 3592 --- [restartedMain] o.apache.catalina.core.StandardEngine    : Starting Servlet engine: [Apache Tomcat/10.1.13]
2025-03-25T09:30:00.869+02:00  INFO 3592 --- [restartedMain] o.a.c.c.C.[Tomcat].[localhost].[/]       : Initializing Spring embedded WebApplicationContext
2025-03-25T09:30:00.870+02:00  INFO 3592 --- [restartedMain] w.s.c.ServletWebServerApplicationContext : Root WebApplicationContext: initialization completed in 1807 ms
2025-03-25T09:30:00.991+02:00  INFO 3592 --- [restartedMain] o.hibernate.jpa.internal.util.LogHelper  : HHH000204: Processing PersistenceUnitInfo [name: default]
2025-03-25T09:30:01.052+02:00  INFO 3592 --- [restartedMain] org.hibernate.Version                    : HHH000412: Hibernate ORM core version 6.2.9.Final
2025-03-25T09:30:01.054+02:00  INFO 3592 --- [restartedMain] org.hibernate.cfg.Environment            : HHH000406: Using bytecode reflection optimizer
2025-03-25T09:30:01.196+02:00  INFO 3592 --- [restartedMain] o.h.b.i.BytecodeProviderInitiator        : HHH000021: Bytecode provider name : bytebuddy
2025-03-25T09:30:01.317+02:00  INFO 3592 --- [restartedMain] o.s.o.j.p.SpringPersistenceUnitInfo      : No LoadTimeWeaver setup: ignoring JPA class transformer
2025-03-25T09:30:01.331+02:00  INFO 3592 --- [restartedMain] com.zaxxer.hikari.HikariDataSource       : HikariPool-1 - Starting...
2025-03-25T09:30:01.633+02:00  INFO 3592 --- [restartedMain] com.zaxxer.hikari.pool.HikariPool        : HikariPool-1 - Added connection com.mysql.cj.jdbc.ConnectionImpl@5ebfb0df
2025-03-25T09:30:01.635+02:00  INFO 3592 --- [restartedMain] com.zaxxer.hikari.HikariDataSource       : HikariPool-1 - Start completed.
2025-03-25T09:30:01.970+02:00  INFO 3592 --- [restartedMain] o.h.b.i.BytecodeProviderInitiator        : HHH000021: Bytecode provider name : bytebuddy
2025-03-25T09:30:02.597+02:00  INFO 3592 --- [restartedMain] o.h.e.t.j.p.i.JtaPlatformInitiator       : HHH000490: Using JtaPlatform implementation: [org.hibernate.engine.transaction.jta.platform.internal.NoJtaPlatform]
2025-03-25T09:30:02.727+02:00  INFO 3592 --- [restartedMain] j.LocalContainerEntityManagerFactoryBean : Initialized JPA EntityManagerFactory for persistence unit 'default'
2025-03-25T09:30:04.428+02:00  WARN 3592 --- [restartedMain] JpaBaseConfiguration$JpaWebConfiguration : spring.jpa.open-in-view is enabled by default. Therefore, database queries may be performed during view rendering. Explicitly configure spring.jpa.open-in-view to disable this warning
2025-03-25T09:30:04.711+02:00  INFO 3592 --- [restartedMain] o.s.s.web.DefaultSecurityFilterChain     : Will secure any request with [org.springframework.security.web.session.DisableEncodeUrlFilter@2106f80d, org.springframework.security.web.context.request.async.WebAsyncManagerIntegrationFilter@2ac61ae2, org.springframework.security.web.context.SecurityContextHolderFilter@44f27268, org.springframework.security.web.header.HeaderWriterFilter@4e03ecae, org.springframework.security.web.authentication.logout.LogoutFilter@5ac86f98, com.example.security.jwt.JwtAuthenticationFilter@463ea2b7, org.springframework.security.web.savedrequest.RequestCacheAwareFilter@766af9dd, org.springframework.security.web.servletapi.SecurityContextHolderAwareRequestFilter@679d6a17, org.springframework.security.web.authentication.AnonymousAuthenticationFilter@42834353, org.springframework.security.web.access.ExceptionTranslationFilter@3754f032, org.springframework.security.web.access.intercept.AuthorizationFilter@65a1b198]
2025-03-25T09:30:05.271+02:00  INFO 3592 --- [restartedMain] o.s.b.d.a.OptionalLiveReloadServer       : LiveReload server is running on port 35729
2025-03-25T09:30:05.459+02:00  INFO 3592 --- [restartedMain] o.s.i.endpoint.EventDrivenConsumer       : Adding {logging-channel-adapter:_org.springframework.integration.errorLogger} as a subscriber to the 'errorChannel' channel
2025-03-25T09:30:05.459+02:00  INFO 3592 --- [restartedMain] o.s.i.channel.PublishSubscribeChannel    : Channel 'application.errorChannel' has 1 subscriber(s).
2025-03-25T09:30:05.460+02:00  INFO 3592 --- [restartedMain] o.s.i.endpoint.EventDrivenConsumer       : started bean '_org.springframework.integration.errorLogger'
2025-03-25T09:30:05.486+02:00  INFO 3592 --- [restartedMain] o.s.b.w.embedded.tomcat.TomcatWebServer  : Tomcat started on port(s): 8080 (http) with context path ''
2025-03-25T09:30:05.493+02:00  INFO 3592 --- [restartedMain] o.s.a.r.c.CachingConnectionFactory       : Attempting to connect to: [localhost:5672]
2025-03-25T09:30:05.580+02:00  INFO 3592 --- [restartedMain] o.s.a.r.c.CachingConnectionFactory       : Created new connection: rabbitConnectionFactory#7521685b:0/SimpleConnection@396bb567 [delegate=amqp://guest@127.0.0.1:5672/, localPort=52104]
2025-03-25T09:30:05.686+02:00  INFO 3592 --- [restartedMain] com.example.DemoApplication              : Started DemoApplication in 7.169 seconds (process running for 7.707)
2025-03-25T09:30:12.177+02:00  INFO 3592 --- [http-nio-8080-exec-2] o.a.c.c.C.[Tomcat].[localhost].[/]       : Initializing Spring DispatcherServlet 'dispatcherServlet'
2025-03-25T09:30:12.178+02:00  INFO 3592 --- [http-nio-8080-exec-2] o.s.web.servlet.DispatcherServlet        : Initializing Servlet 'dispatcherServlet'
2025-03-25T09:30:12.179+02:00  INFO 3592 --- [http-nio-8080-exec-2] o.s.web.servlet.DispatcherServlet        : Completed initialization in 1 ms
2025-03-25T09:30:12.189+02:00 DEBUG 3592 --- [http-nio-8080-exec-2] o.s.security.web.FilterChainProxy        : Securing PUT /api/lessons/4/homework/10/grade
2025-03-25T09:30:12.577+02:00 DEBUG 3592 --- [http-nio-8080-exec-2] o.s.security.web.FilterChainProxy        : Secured PUT /api/lessons/4/homework/10/grade
2025-03-25T09:30:18.286+02:00 DEBUG 3592 --- [http-nio-8080-exec-3] o.s.security.web.FilterChainProxy        : Securing PUT /api/lessons/4/homework/10/comment?comment=Great%20work!
2025-03-25T09:30:18.314+02:00 DEBUG 3592 --- [http-nio-8080-exec-3] o.s.security.web.FilterChainProxy        : Secured PUT /api/lessons/4/homework/10/comment?comment=Great%20work!
2025-03-25T09:31:52.710+02:00  INFO 3592 --- [http-nio-8080-exec-6] o.apache.coyote.http11.Http11Processor   : Error parsing HTTP request header
 Note: further occurrences of HTTP request parsing errors will be logged at DEBUG level.

java.lang.IllegalArgumentException: Invalid character found in method name [0x160x030x010x000xf70x010x000x000xf30x030x030x92kw0x050x010xb6g0xdd0x83f0xf3%ta0xb8<0xeb0x7fw<0x930x870xe2h0xc70xf80x8eS0xf0V0xfa0xf3 ]. HTTP method names must be tokens
	at org.apache.coyote.http11.Http11InputBuffer.parseRequestLine(Http11InputBuffer.java:407) ~[tomcat-embed-core-10.1.13.jar:10.1.13]
	at org.apache.coyote.http11.Http11Processor.service(Http11Processor.java:264) ~[tomcat-embed-core-10.1.13.jar:10.1.13]
	at org.apache.coyote.AbstractProcessorLight.process(AbstractProcessorLight.java:63) ~[tomcat-embed-core-10.1.13.jar:10.1.13]
	at org.apache.coyote.AbstractProtocol$ConnectionHandler.process(AbstractProtocol.java:894) ~[tomcat-embed-core-10.1.13.jar:10.1.13]
	at org.apache.tomcat.util.net.NioEndpoint$SocketProcessor.doRun(NioEndpoint.java:1740) ~[tomcat-embed-core-10.1.13.jar:10.1.13]
	at org.apache.tomcat.util.net.SocketProcessorBase.run(SocketProcessorBase.java:52) ~[tomcat-embed-core-10.1.13.jar:10.1.13]
	at org.apache.tomcat.util.threads.ThreadPoolExecutor.runWorker(ThreadPoolExecutor.java:1191) ~[tomcat-embed-core-10.1.13.jar:10.1.13]
	at org.apache.tomcat.util.threads.ThreadPoolExecutor$Worker.run(ThreadPoolExecutor.java:659) ~[tomcat-embed-core-10.1.13.jar:10.1.13]
	at org.apache.tomcat.util.threads.TaskThread$WrappingRunnable.run(TaskThread.java:61) ~[tomcat-embed-core-10.1.13.jar:10.1.13]
	at java.base/java.lang.Thread.run(Thread.java:1583) ~[na:na]

2025-03-25T09:31:58.160+02:00 DEBUG 3592 --- [http-nio-8080-exec-8] o.s.security.web.FilterChainProxy        : Securing GET /api/lessons/4/homeworks
2025-03-25T09:31:58.180+02:00 DEBUG 3592 --- [http-nio-8080-exec-8] o.s.security.web.FilterChainProxy        : Secured GET /api/lessons/4/homeworks
2025-03-25T09:32:35.765+02:00 DEBUG 3592 --- [http-nio-8080-exec-1] o.s.security.web.FilterChainProxy        : Securing GET /api/lessons/4/homework/10/grades
2025-03-25T09:32:35.786+02:00 DEBUG 3592 --- [http-nio-8080-exec-1] o.s.security.web.FilterChainProxy        : Secured GET /api/lessons/4/homework/10/grades
2025-03-25T09:32:35.842+02:00 ERROR 3592 --- [http-nio-8080-exec-1] o.a.c.c.C.[.[.[/].[dispatcherServlet]    : Servlet.service() for servlet [dispatcherServlet] in context with path [] threw exception [Request processing failed: org.springframework.http.converter.HttpMessageConversionException: Type definition error: [simple type, class org.hibernate.proxy.pojo.bytebuddy.ByteBuddyInterceptor]] with root cause

com.fasterxml.jackson.databind.exc.InvalidDefinitionException: No serializer found for class org.hibernate.proxy.pojo.bytebuddy.ByteBuddyInterceptor and no properties discovered to create BeanSerializer (to avoid exception, disable SerializationFeature.FAIL_ON_EMPTY_BEANS) (through reference chain: java.util.ArrayList[0]->com.example.model.HomeworkGrade["student"]->com.example.model.User["courses"]->org.hibernate.collection.spi.PersistentBag[0]->com.example.model.Course["homeworks"]->org.hibernate.collection.spi.PersistentBag[7]->com.example.model.Homework$HibernateProxy$ZydpLDK0["hibernateLazyInitializer"])
	at com.fasterxml.jackson.databind.exc.InvalidDefinitionException.from(InvalidDefinitionException.java:77) ~[jackson-databind-2.15.2.jar:2.15.2]
	at com.fasterxml.jackson.databind.SerializerProvider.reportBadDefinition(SerializerProvider.java:1308) ~[jackson-databind-2.15.2.jar:2.15.2]
	at com.fasterxml.jackson.databind.DatabindContext.reportBadDefinition(DatabindContext.java:414) ~[jackson-databind-2.15.2.jar:2.15.2]
	at com.fasterxml.jackson.databind.ser.impl.UnknownSerializer.failForEmpty(UnknownSerializer.java:53) ~[jackson-databind-2.15.2.jar:2.15.2]
	at com.fasterxml.jackson.databind.ser.impl.UnknownSerializer.serialize(UnknownSerializer.java:30) ~[jackson-databind-2.15.2.jar:2.15.2]
	at com.fasterxml.jackson.databind.ser.BeanPropertyWriter.serializeAsField(BeanPropertyWriter.java:732) ~[jackson-databind-2.15.2.jar:2.15.2]
	at com.fasterxml.jackson.databind.ser.std.BeanSerializerBase.serializeFields(BeanSerializerBase.java:772) ~[jackson-databind-2.15.2.jar:2.15.2]
	at com.fasterxml.jackson.databind.ser.BeanSerializer.serialize(BeanSerializer.java:178) ~[jackson-databind-2.15.2.jar:2.15.2]
	at com.fasterxml.jackson.databind.ser.std.CollectionSerializer.serializeContents(CollectionSerializer.java:145) ~[jackson-databind-2.15.2.jar:2.15.2]
	at com.fasterxml.jackson.databind.ser.std.CollectionSerializer.serialize(CollectionSerializer.java:107) ~[jackson-databind-2.15.2.jar:2.15.2]
	at com.fasterxml.jackson.databind.ser.std.CollectionSerializer.serialize(CollectionSerializer.java:25) ~[jackson-databind-2.15.2.jar:2.15.2]
	at com.fasterxml.jackson.databind.ser.BeanPropertyWriter.serializeAsField(BeanPropertyWriter.java:732) ~[jackson-databind-2.15.2.jar:2.15.2]
	at com.fasterxml.jackson.databind.ser.std.BeanSerializerBase.serializeFields(BeanSerializerBase.java:772) ~[jackson-databind-2.15.2.jar:2.15.2]
	at com.fasterxml.jackson.databind.ser.BeanSerializer.serialize(BeanSerializer.java:178) ~[jackson-databind-2.15.2.jar:2.15.2]
	at com.fasterxml.jackson.databind.ser.std.CollectionSerializer.serializeContents(CollectionSerializer.java:145) ~[jackson-databind-2.15.2.jar:2.15.2]
	at com.fasterxml.jackson.databind.ser.std.CollectionSerializer.serialize(CollectionSerializer.java:107) ~[jackson-databind-2.15.2.jar:2.15.2]
	at com.fasterxml.jackson.databind.ser.std.CollectionSerializer.serialize(CollectionSerializer.java:25) ~[jackson-databind-2.15.2.jar:2.15.2]
	at com.fasterxml.jackson.databind.ser.BeanPropertyWriter.serializeAsField(BeanPropertyWriter.java:732) ~[jackson-databind-2.15.2.jar:2.15.2]
	at com.fasterxml.jackson.databind.ser.std.BeanSerializerBase.serializeFields(BeanSerializerBase.java:772) ~[jackson-databind-2.15.2.jar:2.15.2]
	at com.fasterxml.jackson.databind.ser.std.BeanSerializerBase._serializeWithObjectId(BeanSerializerBase.java:682) ~[jackson-databind-2.15.2.jar:2.15.2]
	at com.fasterxml.jackson.databind.ser.BeanSerializer.serialize(BeanSerializer.java:171) ~[jackson-databind-2.15.2.jar:2.15.2]
	at com.fasterxml.jackson.databind.ser.BeanPropertyWriter.serializeAsField(BeanPropertyWriter.java:732) ~[jackson-databind-2.15.2.jar:2.15.2]
	at com.fasterxml.jackson.databind.ser.std.BeanSerializerBase.serializeFields(BeanSerializerBase.java:772) ~[jackson-databind-2.15.2.jar:2.15.2]
	at com.fasterxml.jackson.databind.ser.BeanSerializer.serialize(BeanSerializer.java:178) ~[jackson-databind-2.15.2.jar:2.15.2]
	at com.fasterxml.jackson.databind.ser.std.CollectionSerializer.serializeContents(CollectionSerializer.java:145) ~[jackson-databind-2.15.2.jar:2.15.2]
	at com.fasterxml.jackson.databind.ser.std.CollectionSerializer.serialize(CollectionSerializer.java:107) ~[jackson-databind-2.15.2.jar:2.15.2]
	at com.fasterxml.jackson.databind.ser.std.CollectionSerializer.serialize(CollectionSerializer.java:25) ~[jackson-databind-2.15.2.jar:2.15.2]
	at com.fasterxml.jackson.databind.ser.DefaultSerializerProvider._serialize(DefaultSerializerProvider.java:479) ~[jackson-databind-2.15.2.jar:2.15.2]
	at com.fasterxml.jackson.databind.ser.DefaultSerializerProvider.serializeValue(DefaultSerializerProvider.java:399) ~[jackson-databind-2.15.2.jar:2.15.2]
	at com.fasterxml.jackson.databind.ObjectWriter$Prefetch.serialize(ObjectWriter.java:1568) ~[jackson-databind-2.15.2.jar:2.15.2]
	at com.fasterxml.jackson.databind.ObjectWriter.writeValue(ObjectWriter.java:1061) ~[jackson-databind-2.15.2.jar:2.15.2]
	at org.springframework.http.converter.json.AbstractJackson2HttpMessageConverter.writeInternal(AbstractJackson2HttpMessageConverter.java:483) ~[spring-web-6.0.12.jar:6.0.12]
	at org.springframework.http.converter.AbstractGenericHttpMessageConverter.write(AbstractGenericHttpMessageConverter.java:103) ~[spring-web-6.0.12.jar:6.0.12]
	at org.springframework.web.servlet.mvc.method.annotation.AbstractMessageConverterMethodProcessor.writeWithMessageConverters(AbstractMessageConverterMethodProcessor.java:297) ~[spring-webmvc-6.0.12.jar:6.0.12]
	at org.springframework.web.servlet.mvc.method.annotation.HttpEntityMethodProcessor.handleReturnValue(HttpEntityMethodProcessor.java:245) ~[spring-webmvc-6.0.12.jar:6.0.12]
	at org.springframework.web.method.support.HandlerMethodReturnValueHandlerComposite.handleReturnValue(HandlerMethodReturnValueHandlerComposite.java:78) ~[spring-web-6.0.12.jar:6.0.12]
	at org.springframework.web.servlet.mvc.method.annotation.ServletInvocableHandlerMethod.invokeAndHandle(ServletInvocableHandlerMethod.java:136) ~[spring-webmvc-6.0.12.jar:6.0.12]
	at org.springframework.web.servlet.mvc.method.annotation.RequestMappingHandlerAdapter.invokeHandlerMethod(RequestMappingHandlerAdapter.java:884) ~[spring-webmvc-6.0.12.jar:6.0.12]
	at org.springframework.web.servlet.mvc.method.annotation.RequestMappingHandlerAdapter.handleInternal(RequestMappingHandlerAdapter.java:797) ~[spring-webmvc-6.0.12.jar:6.0.12]
	at org.springframework.web.servlet.mvc.method.AbstractHandlerMethodAdapter.handle(AbstractHandlerMethodAdapter.java:87) ~[spring-webmvc-6.0.12.jar:6.0.12]
	at org.springframework.web.servlet.DispatcherServlet.doDispatch(DispatcherServlet.java:1081) ~[spring-webmvc-6.0.12.jar:6.0.12]
	at org.springframework.web.servlet.DispatcherServlet.doService(DispatcherServlet.java:974) ~[spring-webmvc-6.0.12.jar:6.0.12]
	at org.springframework.web.servlet.FrameworkServlet.processRequest(FrameworkServlet.java:1011) ~[spring-webmvc-6.0.12.jar:6.0.12]
	at org.springframework.web.servlet.FrameworkServlet.doGet(FrameworkServlet.java:903) ~[spring-webmvc-6.0.12.jar:6.0.12]
	at jakarta.servlet.http.HttpServlet.service(HttpServlet.java:564) ~[tomcat-embed-core-10.1.13.jar:6.0]
	at org.springframework.web.servlet.FrameworkServlet.service(FrameworkServlet.java:885) ~[spring-webmvc-6.0.12.jar:6.0.12]
	at jakarta.servlet.http.HttpServlet.service(HttpServlet.java:658) ~[tomcat-embed-core-10.1.13.jar:6.0]
	at org.apache.catalina.core.ApplicationFilterChain.internalDoFilter(ApplicationFilterChain.java:205) ~[tomcat-embed-core-10.1.13.jar:10.1.13]
	at org.apache.catalina.core.ApplicationFilterChain.doFilter(ApplicationFilterChain.java:149) ~[tomcat-embed-core-10.1.13.jar:10.1.13]
	at org.apache.tomcat.websocket.server.WsFilter.doFilter(WsFilter.java:51) ~[tomcat-embed-websocket-10.1.13.jar:10.1.13]
	at org.apache.catalina.core.ApplicationFilterChain.internalDoFilter(ApplicationFilterChain.java:174) ~[tomcat-embed-core-10.1.13.jar:10.1.13]
	at org.apache.catalina.core.ApplicationFilterChain.doFilter(ApplicationFilterChain.java:149) ~[tomcat-embed-core-10.1.13.jar:10.1.13]
	at org.springframework.web.filter.OncePerRequestFilter.doFilter(OncePerRequestFilter.java:110) ~[spring-web-6.0.12.jar:6.0.12]
	at org.apache.catalina.core.ApplicationFilterChain.internalDoFilter(ApplicationFilterChain.java:174) ~[tomcat-embed-core-10.1.13.jar:10.1.13]
	at org.apache.catalina.core.ApplicationFilterChain.doFilter(ApplicationFilterChain.java:149) ~[tomcat-embed-core-10.1.13.jar:10.1.13]
	at org.springframework.security.web.FilterChainProxy.lambda$doFilterInternal$3(FilterChainProxy.java:231) ~[spring-security-web-6.1.4.jar:6.1.4]
	at org.springframework.security.web.FilterChainProxy$VirtualFilterChain.doFilter(FilterChainProxy.java:365) ~[spring-security-web-6.1.4.jar:6.1.4]
	at org.springframework.security.web.access.intercept.AuthorizationFilter.doFilter(AuthorizationFilter.java:100) ~[spring-security-web-6.1.4.jar:6.1.4]
	at org.springframework.security.web.FilterChainProxy$VirtualFilterChain.doFilter(FilterChainProxy.java:374) ~[spring-security-web-6.1.4.jar:6.1.4]
	at org.springframework.security.web.access.ExceptionTranslationFilter.doFilter(ExceptionTranslationFilter.java:126) ~[spring-security-web-6.1.4.jar:6.1.4]
	at org.springframework.security.web.access.ExceptionTranslationFilter.doFilter(ExceptionTranslationFilter.java:120) ~[spring-security-web-6.1.4.jar:6.1.4]
	at org.springframework.security.web.FilterChainProxy$VirtualFilterChain.doFilter(FilterChainProxy.java:374) ~[spring-security-web-6.1.4.jar:6.1.4]
	at org.springframework.security.web.authentication.AnonymousAuthenticationFilter.doFilter(AnonymousAuthenticationFilter.java:100) ~[spring-security-web-6.1.4.jar:6.1.4]
	at org.springframework.security.web.FilterChainProxy$VirtualFilterChain.doFilter(FilterChainProxy.java:374) ~[spring-security-web-6.1.4.jar:6.1.4]
	at org.springframework.security.web.servletapi.SecurityContextHolderAwareRequestFilter.doFilter(SecurityContextHolderAwareRequestFilter.java:179) ~[spring-security-web-6.1.4.jar:6.1.4]
	at org.springframework.security.web.FilterChainProxy$VirtualFilterChain.doFilter(FilterChainProxy.java:374) ~[spring-security-web-6.1.4.jar:6.1.4]
	at org.springframework.security.web.savedrequest.RequestCacheAwareFilter.doFilter(RequestCacheAwareFilter.java:63) ~[spring-security-web-6.1.4.jar:6.1.4]
	at org.springframework.security.web.FilterChainProxy$VirtualFilterChain.doFilter(FilterChainProxy.java:374) ~[spring-security-web-6.1.4.jar:6.1.4]
	at com.example.security.jwt.JwtAuthenticationFilter.doFilterInternal(JwtAuthenticationFilter.java:54) ~[classes/:na]
	at org.springframework.web.filter.OncePerRequestFilter.doFilter(OncePerRequestFilter.java:116) ~[spring-web-6.0.12.jar:6.0.12]
	at org.springframework.security.web.FilterChainProxy$VirtualFilterChain.doFilter(FilterChainProxy.java:374) ~[spring-security-web-6.1.4.jar:6.1.4]
	at org.springframework.security.web.authentication.logout.LogoutFilter.doFilter(LogoutFilter.java:107) ~[spring-security-web-6.1.4.jar:6.1.4]
	at org.springframework.security.web.authentication.logout.LogoutFilter.doFilter(LogoutFilter.java:93) ~[spring-security-web-6.1.4.jar:6.1.4]
	at org.springframework.security.web.FilterChainProxy$VirtualFilterChain.doFilter(FilterChainProxy.java:374) ~[spring-security-web-6.1.4.jar:6.1.4]
	at org.springframework.security.web.header.HeaderWriterFilter.doHeadersAfter(HeaderWriterFilter.java:90) ~[spring-security-web-6.1.4.jar:6.1.4]
	at org.springframework.security.web.header.HeaderWriterFilter.doFilterInternal(HeaderWriterFilter.java:75) ~[spring-security-web-6.1.4.jar:6.1.4]
	at org.springframework.web.filter.OncePerRequestFilter.doFilter(OncePerRequestFilter.java:116) ~[spring-web-6.0.12.jar:6.0.12]
	at org.springframework.security.web.FilterChainProxy$VirtualFilterChain.doFilter(FilterChainProxy.java:374) ~[spring-security-web-6.1.4.jar:6.1.4]
	at org.springframework.security.web.context.SecurityContextHolderFilter.doFilter(SecurityContextHolderFilter.java:82) ~[spring-security-web-6.1.4.jar:6.1.4]
	at org.springframework.security.web.context.SecurityContextHolderFilter.doFilter(SecurityContextHolderFilter.java:69) ~[spring-security-web-6.1.4.jar:6.1.4]
	at org.springframework.security.web.FilterChainProxy$VirtualFilterChain.doFilter(FilterChainProxy.java:374) ~[spring-security-web-6.1.4.jar:6.1.4]
	at org.springframework.security.web.context.request.async.WebAsyncManagerIntegrationFilter.doFilterInternal(WebAsyncManagerIntegrationFilter.java:62) ~[spring-security-web-6.1.4.jar:6.1.4]
	at org.springframework.web.filter.OncePerRequestFilter.doFilter(OncePerRequestFilter.java:116) ~[spring-web-6.0.12.jar:6.0.12]
	at org.springframework.security.web.FilterChainProxy$VirtualFilterChain.doFilter(FilterChainProxy.java:374) ~[spring-security-web-6.1.4.jar:6.1.4]
	at org.springframework.security.web.session.DisableEncodeUrlFilter.doFilterInternal(DisableEncodeUrlFilter.java:42) ~[spring-security-web-6.1.4.jar:6.1.4]
	at org.springframework.web.filter.OncePerRequestFilter.doFilter(OncePerRequestFilter.java:116) ~[spring-web-6.0.12.jar:6.0.12]
	at org.springframework.security.web.FilterChainProxy$VirtualFilterChain.doFilter(FilterChainProxy.java:374) ~[spring-security-web-6.1.4.jar:6.1.4]
	at org.springframework.security.web.FilterChainProxy.doFilterInternal(FilterChainProxy.java:233) ~[spring-security-web-6.1.4.jar:6.1.4]
	at org.springframework.security.web.FilterChainProxy.doFilter(FilterChainProxy.java:191) ~[spring-security-web-6.1.4.jar:6.1.4]
	at org.springframework.web.filter.DelegatingFilterProxy.invokeDelegate(DelegatingFilterProxy.java:352) ~[spring-web-6.0.12.jar:6.0.12]
	at org.springframework.web.filter.DelegatingFilterProxy.doFilter(DelegatingFilterProxy.java:268) ~[spring-web-6.0.12.jar:6.0.12]
	at org.apache.catalina.core.ApplicationFilterChain.internalDoFilter(ApplicationFilterChain.java:174) ~[tomcat-embed-core-10.1.13.jar:10.1.13]
	at org.apache.catalina.core.ApplicationFilterChain.doFilter(ApplicationFilterChain.java:149) ~[tomcat-embed-core-10.1.13.jar:10.1.13]
	at org.springframework.web.filter.CharacterEncodingFilter.doFilterInternal(CharacterEncodingFilter.java:201) ~[spring-web-6.0.12.jar:6.0.12]
	at org.springframework.web.filter.OncePerRequestFilter.doFilter(OncePerRequestFilter.java:116) ~[spring-web-6.0.12.jar:6.0.12]
	at org.apache.catalina.core.ApplicationFilterChain.internalDoFilter(ApplicationFilterChain.java:174) ~[tomcat-embed-core-10.1.13.jar:10.1.13]
	at org.apache.catalina.core.ApplicationFilterChain.doFilter(ApplicationFilterChain.java:149) ~[tomcat-embed-core-10.1.13.jar:10.1.13]
	at org.apache.catalina.core.StandardWrapperValve.invoke(StandardWrapperValve.java:167) ~[tomcat-embed-core-10.1.13.jar:10.1.13]
	at org.apache.catalina.core.StandardContextValve.invoke(StandardContextValve.java:90) ~[tomcat-embed-core-10.1.13.jar:10.1.13]
	at org.apache.catalina.authenticator.AuthenticatorBase.invoke(AuthenticatorBase.java:482) ~[tomcat-embed-core-10.1.13.jar:10.1.13]
	at org.apache.catalina.core.StandardHostValve.invoke(StandardHostValve.java:115) ~[tomcat-embed-core-10.1.13.jar:10.1.13]
	at org.apache.catalina.valves.ErrorReportValve.invoke(ErrorReportValve.java:93) ~[tomcat-embed-core-10.1.13.jar:10.1.13]
	at org.apache.catalina.core.StandardEngineValve.invoke(StandardEngineValve.java:74) ~[tomcat-embed-core-10.1.13.jar:10.1.13]
	at org.apache.catalina.connector.CoyoteAdapter.service(CoyoteAdapter.java:341) ~[tomcat-embed-core-10.1.13.jar:10.1.13]
	at org.apache.coyote.http11.Http11Processor.service(Http11Processor.java:391) ~[tomcat-embed-core-10.1.13.jar:10.1.13]
	at org.apache.coyote.AbstractProcessorLight.process(AbstractProcessorLight.java:63) ~[tomcat-embed-core-10.1.13.jar:10.1.13]
	at org.apache.coyote.AbstractProtocol$ConnectionHandler.process(AbstractProtocol.java:894) ~[tomcat-embed-core-10.1.13.jar:10.1.13]
	at org.apache.tomcat.util.net.NioEndpoint$SocketProcessor.doRun(NioEndpoint.java:1740) ~[tomcat-embed-core-10.1.13.jar:10.1.13]
	at org.apache.tomcat.util.net.SocketProcessorBase.run(SocketProcessorBase.java:52) ~[tomcat-embed-core-10.1.13.jar:10.1.13]
	at org.apache.tomcat.util.threads.ThreadPoolExecutor.runWorker(ThreadPoolExecutor.java:1191) ~[tomcat-embed-core-10.1.13.jar:10.1.13]
	at org.apache.tomcat.util.threads.ThreadPoolExecutor$Worker.run(ThreadPoolExecutor.java:659) ~[tomcat-embed-core-10.1.13.jar:10.1.13]
	at org.apache.tomcat.util.threads.TaskThread$WrappingRunnable.run(TaskThread.java:61) ~[tomcat-embed-core-10.1.13.jar:10.1.13]
	at java.base/java.lang.Thread.run(Thread.java:1583) ~[na:na]

2025-03-25T09:32:35.851+02:00 DEBUG 3592 --- [http-nio-8080-exec-1] o.s.security.web.FilterChainProxy        : Securing GET /error
2025-03-25T09:32:35.854+02:00 DEBUG 3592 --- [http-nio-8080-exec-1] o.s.s.w.a.AnonymousAuthenticationFilter  : Set SecurityContextHolder to anonymous SecurityContext
2025-03-25T09:32:35.857+02:00 DEBUG 3592 --- [http-nio-8080-exec-1] o.s.s.w.s.HttpSessionRequestCache        : Saved request http://localhost:8080/error?continue to session
2025-03-25T09:32:35.858+02:00 DEBUG 3592 --- [http-nio-8080-exec-1] o.s.s.w.a.Http403ForbiddenEntryPoint     : Pre-authenticated entry point called. Rejecting access
2025-03-25T09:34:35.723+02:00  INFO 3592 --- [org.springframework.amqp.rabbit.RabbitListenerEndpointContainer#0-2] o.s.a.r.l.SimpleMessageListenerContainer : Waiting for workers to finish.
2025-03-25T09:34:35.804+02:00  INFO 3592 --- [org.springframework.amqp.rabbit.RabbitListenerEndpointContainer#0-2] o.s.a.r.l.SimpleMessageListenerContainer : Successfully waited for workers to finish.
2025-03-25T09:34:35.826+02:00  INFO 3592 --- [SpringApplicationShutdownHook] o.s.i.endpoint.EventDrivenConsumer       : Removing {logging-channel-adapter:_org.springframework.integration.errorLogger} as a subscriber to the 'errorChannel' channel
2025-03-25T09:34:35.827+02:00  INFO 3592 --- [SpringApplicationShutdownHook] o.s.i.channel.PublishSubscribeChannel    : Channel 'application.errorChannel' has 0 subscriber(s).
2025-03-25T09:34:35.827+02:00  INFO 3592 --- [SpringApplicationShutdownHook] o.s.i.endpoint.EventDrivenConsumer       : stopped bean '_org.springframework.integration.errorLogger'
2025-03-25T09:34:35.834+02:00  INFO 3592 --- [SpringApplicationShutdownHook] j.LocalContainerEntityManagerFactoryBean : Closing JPA EntityManagerFactory for persistence unit 'default'
2025-03-25T09:34:35.837+02:00  INFO 3592 --- [SpringApplicationShutdownHook] com.zaxxer.hikari.HikariDataSource       : HikariPool-1 - Shutdown initiated...
2025-03-25T09:34:35.854+02:00  INFO 3592 --- [SpringApplicationShutdownHook] com.zaxxer.hikari.HikariDataSource       : HikariPool-1 - Shutdown completed.
2025-03-25T09:34:40.680+02:00  INFO 15020 --- [restartedMain] com.example.DemoApplication              : Starting DemoApplication using Java 21.0.2 with PID 15020 (C:\Users\Швец Jr\IdeaProjects\JavaProWithMaven-2\target\classes started by Швец Jr in C:\Users\Швец Jr\IdeaProjects\JavaProWithMaven-2)
2025-03-25T09:34:40.683+02:00  INFO 15020 --- [restartedMain] com.example.DemoApplication              : The following 1 profile is active: "dev"
2025-03-25T09:34:40.765+02:00  INFO 15020 --- [restartedMain] .e.DevToolsPropertyDefaultsPostProcessor : Devtools property defaults active! Set 'spring.devtools.add-properties' to 'false' to disable
2025-03-25T09:34:40.765+02:00  INFO 15020 --- [restartedMain] .e.DevToolsPropertyDefaultsPostProcessor : For additional web related logging consider setting the 'logging.level.web' property to 'DEBUG'
2025-03-25T09:34:41.669+02:00  INFO 15020 --- [restartedMain] .s.d.r.c.RepositoryConfigurationDelegate : Bootstrapping Spring Data JPA repositories in DEFAULT mode.
2025-03-25T09:34:41.848+02:00  INFO 15020 --- [restartedMain] .s.d.r.c.RepositoryConfigurationDelegate : Finished Spring Data repository scanning in 171 ms. Found 10 JPA repository interfaces.
2025-03-25T09:34:42.285+02:00  INFO 15020 --- [restartedMain] faultConfiguringBeanFactoryPostProcessor : No bean named 'errorChannel' has been explicitly defined. Therefore, a default PublishSubscribeChannel will be created.
2025-03-25T09:34:42.292+02:00  INFO 15020 --- [restartedMain] faultConfiguringBeanFactoryPostProcessor : No bean named 'integrationHeaderChannelRegistry' has been explicitly defined. Therefore, a default DefaultHeaderChannelRegistry will be created.
2025-03-25T09:34:43.158+02:00  INFO 15020 --- [restartedMain] o.s.b.w.embedded.tomcat.TomcatWebServer  : Tomcat initialized with port(s): 8080 (http)
2025-03-25T09:34:43.168+02:00  INFO 15020 --- [restartedMain] o.apache.catalina.core.StandardService   : Starting service [Tomcat]
2025-03-25T09:34:43.168+02:00  INFO 15020 --- [restartedMain] o.apache.catalina.core.StandardEngine    : Starting Servlet engine: [Apache Tomcat/10.1.13]
2025-03-25T09:34:43.247+02:00  INFO 15020 --- [restartedMain] o.a.c.c.C.[Tomcat].[localhost].[/]       : Initializing Spring embedded WebApplicationContext
2025-03-25T09:34:43.248+02:00  INFO 15020 --- [restartedMain] w.s.c.ServletWebServerApplicationContext : Root WebApplicationContext: initialization completed in 2483 ms
2025-03-25T09:34:43.445+02:00  INFO 15020 --- [restartedMain] o.hibernate.jpa.internal.util.LogHelper  : HHH000204: Processing PersistenceUnitInfo [name: default]
2025-03-25T09:34:43.523+02:00  INFO 15020 --- [restartedMain] org.hibernate.Version                    : HHH000412: Hibernate ORM core version 6.2.9.Final
2025-03-25T09:34:43.526+02:00  INFO 15020 --- [restartedMain] org.hibernate.cfg.Environment            : HHH000406: Using bytecode reflection optimizer
2025-03-25T09:34:43.798+02:00  INFO 15020 --- [restartedMain] o.h.b.i.BytecodeProviderInitiator        : HHH000021: Bytecode provider name : bytebuddy
2025-03-25T09:34:43.983+02:00  INFO 15020 --- [restartedMain] o.s.o.j.p.SpringPersistenceUnitInfo      : No LoadTimeWeaver setup: ignoring JPA class transformer
2025-03-25T09:34:44.001+02:00  INFO 15020 --- [restartedMain] com.zaxxer.hikari.HikariDataSource       : HikariPool-1 - Starting...
2025-03-25T09:34:44.394+02:00  INFO 15020 --- [restartedMain] com.zaxxer.hikari.pool.HikariPool        : HikariPool-1 - Added connection com.mysql.cj.jdbc.ConnectionImpl@2628d66
2025-03-25T09:34:44.397+02:00  INFO 15020 --- [restartedMain] com.zaxxer.hikari.HikariDataSource       : HikariPool-1 - Start completed.
2025-03-25T09:34:44.797+02:00  INFO 15020 --- [restartedMain] o.h.b.i.BytecodeProviderInitiator        : HHH000021: Bytecode provider name : bytebuddy
2025-03-25T09:34:45.461+02:00  INFO 15020 --- [restartedMain] o.h.e.t.j.p.i.JtaPlatformInitiator       : HHH000490: Using JtaPlatform implementation: [org.hibernate.engine.transaction.jta.platform.internal.NoJtaPlatform]
2025-03-25T09:34:45.598+02:00  INFO 15020 --- [restartedMain] j.LocalContainerEntityManagerFactoryBean : Initialized JPA EntityManagerFactory for persistence unit 'default'
2025-03-25T09:34:47.238+02:00  WARN 15020 --- [restartedMain] JpaBaseConfiguration$JpaWebConfiguration : spring.jpa.open-in-view is enabled by default. Therefore, database queries may be performed during view rendering. Explicitly configure spring.jpa.open-in-view to disable this warning
2025-03-25T09:34:47.520+02:00  INFO 15020 --- [restartedMain] o.s.s.web.DefaultSecurityFilterChain     : Will secure any request with [org.springframework.security.web.session.DisableEncodeUrlFilter@18a19917, org.springframework.security.web.context.request.async.WebAsyncManagerIntegrationFilter@747227b2, org.springframework.security.web.context.SecurityContextHolderFilter@74fc97e, org.springframework.security.web.header.HeaderWriterFilter@23236a70, org.springframework.security.web.authentication.logout.LogoutFilter@1132d54b, com.example.security.jwt.JwtAuthenticationFilter@189ecd1e, org.springframework.security.web.savedrequest.RequestCacheAwareFilter@4944312, org.springframework.security.web.servletapi.SecurityContextHolderAwareRequestFilter@3a0c5224, org.springframework.security.web.authentication.AnonymousAuthenticationFilter@32d7c9f0, org.springframework.security.web.access.ExceptionTranslationFilter@1b69f986, org.springframework.security.web.access.intercept.AuthorizationFilter@d396b5f]
2025-03-25T09:34:48.048+02:00  INFO 15020 --- [restartedMain] o.s.b.d.a.OptionalLiveReloadServer       : LiveReload server is running on port 35729
2025-03-25T09:34:48.190+02:00  INFO 15020 --- [restartedMain] o.s.i.endpoint.EventDrivenConsumer       : Adding {logging-channel-adapter:_org.springframework.integration.errorLogger} as a subscriber to the 'errorChannel' channel
2025-03-25T09:34:48.190+02:00  INFO 15020 --- [restartedMain] o.s.i.channel.PublishSubscribeChannel    : Channel 'application.errorChannel' has 1 subscriber(s).
2025-03-25T09:34:48.191+02:00  INFO 15020 --- [restartedMain] o.s.i.endpoint.EventDrivenConsumer       : started bean '_org.springframework.integration.errorLogger'
2025-03-25T09:34:48.212+02:00  INFO 15020 --- [restartedMain] o.s.b.w.embedded.tomcat.TomcatWebServer  : Tomcat started on port(s): 8080 (http) with context path ''
2025-03-25T09:34:48.217+02:00  INFO 15020 --- [restartedMain] o.s.a.r.c.CachingConnectionFactory       : Attempting to connect to: [localhost:5672]
2025-03-25T09:34:48.273+02:00  INFO 15020 --- [restartedMain] o.s.a.r.c.CachingConnectionFactory       : Created new connection: rabbitConnectionFactory#5a96e8e4:0/SimpleConnection@2657d3fa [delegate=amqp://guest@127.0.0.1:5672/, localPort=52203]
2025-03-25T09:34:48.337+02:00  INFO 15020 --- [restartedMain] com.example.DemoApplication              : Started DemoApplication in 8.285 seconds (process running for 8.997)
2025-03-25T09:35:07.031+02:00  INFO 15020 --- [http-nio-8080-exec-2] o.a.c.c.C.[Tomcat].[localhost].[/]       : Initializing Spring DispatcherServlet 'dispatcherServlet'
2025-03-25T09:35:07.032+02:00  INFO 15020 --- [http-nio-8080-exec-2] o.s.web.servlet.DispatcherServlet        : Initializing Servlet 'dispatcherServlet'
2025-03-25T09:35:07.034+02:00  INFO 15020 --- [http-nio-8080-exec-2] o.s.web.servlet.DispatcherServlet        : Completed initialization in 2 ms
2025-03-25T09:35:07.041+02:00 DEBUG 15020 --- [http-nio-8080-exec-2] o.s.security.web.FilterChainProxy        : Securing GET /api/lessons/4/homework/10/grades
2025-03-25T09:35:07.465+02:00 DEBUG 15020 --- [http-nio-8080-exec-2] o.s.security.web.FilterChainProxy        : Secured GET /api/lessons/4/homework/10/grades
2025-03-25T09:44:28.364+02:00  INFO 15020 --- [org.springframework.amqp.rabbit.RabbitListenerEndpointContainer#0-2] o.s.a.r.l.SimpleMessageListenerContainer : Waiting for workers to finish.
2025-03-25T09:44:29.059+02:00  INFO 15020 --- [org.springframework.amqp.rabbit.RabbitListenerEndpointContainer#0-2] o.s.a.r.l.SimpleMessageListenerContainer : Successfully waited for workers to finish.
2025-03-25T09:44:29.079+02:00  INFO 15020 --- [SpringApplicationShutdownHook] o.s.i.endpoint.EventDrivenConsumer       : Removing {logging-channel-adapter:_org.springframework.integration.errorLogger} as a subscriber to the 'errorChannel' channel
2025-03-25T09:44:29.079+02:00  INFO 15020 --- [SpringApplicationShutdownHook] o.s.i.channel.PublishSubscribeChannel    : Channel 'application.errorChannel' has 0 subscriber(s).
2025-03-25T09:44:29.079+02:00  INFO 15020 --- [SpringApplicationShutdownHook] o.s.i.endpoint.EventDrivenConsumer       : stopped bean '_org.springframework.integration.errorLogger'
2025-03-25T09:44:29.083+02:00  INFO 15020 --- [SpringApplicationShutdownHook] j.LocalContainerEntityManagerFactoryBean : Closing JPA EntityManagerFactory for persistence unit 'default'
2025-03-25T09:44:29.085+02:00  INFO 15020 --- [SpringApplicationShutdownHook] com.zaxxer.hikari.HikariDataSource       : HikariPool-1 - Shutdown initiated...
2025-03-25T09:44:29.106+02:00  INFO 15020 --- [SpringApplicationShutdownHook] com.zaxxer.hikari.HikariDataSource       : HikariPool-1 - Shutdown completed.
2025-03-25T09:44:33.112+02:00  INFO 9600 --- [restartedMain] com.example.DemoApplication              : Starting DemoApplication using Java 21.0.2 with PID 9600 (C:\Users\Швец Jr\IdeaProjects\JavaProWithMaven-2\target\classes started by Швец Jr in C:\Users\Швец Jr\IdeaProjects\JavaProWithMaven-2)
2025-03-25T09:44:33.114+02:00  INFO 9600 --- [restartedMain] com.example.DemoApplication              : The following 1 profile is active: "dev"
2025-03-25T09:44:33.187+02:00  INFO 9600 --- [restartedMain] .e.DevToolsPropertyDefaultsPostProcessor : Devtools property defaults active! Set 'spring.devtools.add-properties' to 'false' to disable
2025-03-25T09:44:33.188+02:00  INFO 9600 --- [restartedMain] .e.DevToolsPropertyDefaultsPostProcessor : For additional web related logging consider setting the 'logging.level.web' property to 'DEBUG'
2025-03-25T09:44:33.803+02:00  INFO 9600 --- [restartedMain] .s.d.r.c.RepositoryConfigurationDelegate : Bootstrapping Spring Data JPA repositories in DEFAULT mode.
2025-03-25T09:44:33.948+02:00  INFO 9600 --- [restartedMain] .s.d.r.c.RepositoryConfigurationDelegate : Finished Spring Data repository scanning in 137 ms. Found 10 JPA repository interfaces.
2025-03-25T09:44:34.287+02:00  INFO 9600 --- [restartedMain] faultConfiguringBeanFactoryPostProcessor : No bean named 'errorChannel' has been explicitly defined. Therefore, a default PublishSubscribeChannel will be created.
2025-03-25T09:44:34.293+02:00  INFO 9600 --- [restartedMain] faultConfiguringBeanFactoryPostProcessor : No bean named 'integrationHeaderChannelRegistry' has been explicitly defined. Therefore, a default DefaultHeaderChannelRegistry will be created.
2025-03-25T09:44:34.929+02:00  INFO 9600 --- [restartedMain] o.s.b.w.embedded.tomcat.TomcatWebServer  : Tomcat initialized with port(s): 8080 (http)
2025-03-25T09:44:34.939+02:00  INFO 9600 --- [restartedMain] o.apache.catalina.core.StandardService   : Starting service [Tomcat]
2025-03-25T09:44:34.939+02:00  INFO 9600 --- [restartedMain] o.apache.catalina.core.StandardEngine    : Starting Servlet engine: [Apache Tomcat/10.1.13]
2025-03-25T09:44:35.001+02:00  INFO 9600 --- [restartedMain] o.a.c.c.C.[Tomcat].[localhost].[/]       : Initializing Spring embedded WebApplicationContext
2025-03-25T09:44:35.001+02:00  INFO 9600 --- [restartedMain] w.s.c.ServletWebServerApplicationContext : Root WebApplicationContext: initialization completed in 1813 ms
2025-03-25T09:44:35.139+02:00  INFO 9600 --- [restartedMain] o.hibernate.jpa.internal.util.LogHelper  : HHH000204: Processing PersistenceUnitInfo [name: default]
2025-03-25T09:44:35.206+02:00  INFO 9600 --- [restartedMain] org.hibernate.Version                    : HHH000412: Hibernate ORM core version 6.2.9.Final
2025-03-25T09:44:35.210+02:00  INFO 9600 --- [restartedMain] org.hibernate.cfg.Environment            : HHH000406: Using bytecode reflection optimizer
2025-03-25T09:44:35.367+02:00  INFO 9600 --- [restartedMain] o.h.b.i.BytecodeProviderInitiator        : HHH000021: Bytecode provider name : bytebuddy
2025-03-25T09:44:35.480+02:00  INFO 9600 --- [restartedMain] o.s.o.j.p.SpringPersistenceUnitInfo      : No LoadTimeWeaver setup: ignoring JPA class transformer
2025-03-25T09:44:35.493+02:00  INFO 9600 --- [restartedMain] com.zaxxer.hikari.HikariDataSource       : HikariPool-1 - Starting...
2025-03-25T09:44:35.792+02:00  INFO 9600 --- [restartedMain] com.zaxxer.hikari.pool.HikariPool        : HikariPool-1 - Added connection com.mysql.cj.jdbc.ConnectionImpl@5ebfb0df
2025-03-25T09:44:35.793+02:00  INFO 9600 --- [restartedMain] com.zaxxer.hikari.HikariDataSource       : HikariPool-1 - Start completed.
2025-03-25T09:44:36.133+02:00  INFO 9600 --- [restartedMain] o.h.b.i.BytecodeProviderInitiator        : HHH000021: Bytecode provider name : bytebuddy
2025-03-25T09:44:36.781+02:00  INFO 9600 --- [restartedMain] o.h.e.t.j.p.i.JtaPlatformInitiator       : HHH000490: Using JtaPlatform implementation: [org.hibernate.engine.transaction.jta.platform.internal.NoJtaPlatform]
2025-03-25T09:44:36.910+02:00  INFO 9600 --- [restartedMain] j.LocalContainerEntityManagerFactoryBean : Initialized JPA EntityManagerFactory for persistence unit 'default'
2025-03-25T09:44:38.477+02:00  WARN 9600 --- [restartedMain] JpaBaseConfiguration$JpaWebConfiguration : spring.jpa.open-in-view is enabled by default. Therefore, database queries may be performed during view rendering. Explicitly configure spring.jpa.open-in-view to disable this warning
2025-03-25T09:44:38.724+02:00  INFO 9600 --- [restartedMain] o.s.s.web.DefaultSecurityFilterChain     : Will secure any request with [org.springframework.security.web.session.DisableEncodeUrlFilter@2106f80d, org.springframework.security.web.context.request.async.WebAsyncManagerIntegrationFilter@2ac61ae2, org.springframework.security.web.context.SecurityContextHolderFilter@44f27268, org.springframework.security.web.header.HeaderWriterFilter@4e03ecae, org.springframework.security.web.authentication.logout.LogoutFilter@5ac86f98, com.example.security.jwt.JwtAuthenticationFilter@23e5cdd9, org.springframework.security.web.savedrequest.RequestCacheAwareFilter@766af9dd, org.springframework.security.web.servletapi.SecurityContextHolderAwareRequestFilter@679d6a17, org.springframework.security.web.authentication.AnonymousAuthenticationFilter@42834353, org.springframework.security.web.access.ExceptionTranslationFilter@3754f032, org.springframework.security.web.access.intercept.AuthorizationFilter@65a1b198]
2025-03-25T09:44:39.204+02:00  INFO 9600 --- [restartedMain] o.s.b.d.a.OptionalLiveReloadServer       : LiveReload server is running on port 35729
2025-03-25T09:44:39.345+02:00  INFO 9600 --- [restartedMain] o.s.i.endpoint.EventDrivenConsumer       : Adding {logging-channel-adapter:_org.springframework.integration.errorLogger} as a subscriber to the 'errorChannel' channel
2025-03-25T09:44:39.345+02:00  INFO 9600 --- [restartedMain] o.s.i.channel.PublishSubscribeChannel    : Channel 'application.errorChannel' has 1 subscriber(s).
2025-03-25T09:44:39.346+02:00  INFO 9600 --- [restartedMain] o.s.i.endpoint.EventDrivenConsumer       : started bean '_org.springframework.integration.errorLogger'
2025-03-25T09:44:39.366+02:00  INFO 9600 --- [restartedMain] o.s.b.w.embedded.tomcat.TomcatWebServer  : Tomcat started on port(s): 8080 (http) with context path ''
2025-03-25T09:44:39.372+02:00  INFO 9600 --- [restartedMain] o.s.a.r.c.CachingConnectionFactory       : Attempting to connect to: [localhost:5672]
2025-03-25T09:44:39.421+02:00  INFO 9600 --- [restartedMain] o.s.a.r.c.CachingConnectionFactory       : Created new connection: rabbitConnectionFactory#136da0dd:0/SimpleConnection@59b73cbb [delegate=amqp://guest@127.0.0.1:5672/, localPort=52312]
2025-03-25T09:44:39.484+02:00  INFO 9600 --- [restartedMain] com.example.DemoApplication              : Started DemoApplication in 6.825 seconds (process running for 7.367)
2025-03-25T09:46:01.115+02:00  INFO 9600 --- [http-nio-8080-exec-1] o.a.c.c.C.[Tomcat].[localhost].[/]       : Initializing Spring DispatcherServlet 'dispatcherServlet'
2025-03-25T09:46:01.116+02:00  INFO 9600 --- [http-nio-8080-exec-1] o.s.web.servlet.DispatcherServlet        : Initializing Servlet 'dispatcherServlet'
2025-03-25T09:46:01.121+02:00  INFO 9600 --- [http-nio-8080-exec-1] o.s.web.servlet.DispatcherServlet        : Completed initialization in 4 ms
2025-03-25T09:46:01.133+02:00 DEBUG 9600 --- [http-nio-8080-exec-1] o.s.security.web.FilterChainProxy        : Securing POST /api/auth/login
2025-03-25T09:46:01.173+02:00 DEBUG 9600 --- [http-nio-8080-exec-1] o.s.security.web.FilterChainProxy        : Secured POST /api/auth/login
2025-03-25T09:46:01.765+02:00 DEBUG 9600 --- [http-nio-8080-exec-1] o.s.s.a.dao.DaoAuthenticationProvider    : Authenticated user
2025-03-25T09:46:01.767+02:00 DEBUG 9600 --- [http-nio-8080-exec-1] o.s.s.w.a.AnonymousAuthenticationFilter  : Set SecurityContextHolder to anonymous SecurityContext
2025-03-25T09:46:14.529+02:00 DEBUG 9600 --- [http-nio-8080-exec-5] o.s.security.web.FilterChainProxy        : Securing GET /api/courses/me
2025-03-25T09:46:14.612+02:00 DEBUG 9600 --- [http-nio-8080-exec-5] o.s.security.web.FilterChainProxy        : Secured GET /api/courses/me
2025-03-25T09:49:55.489+02:00 DEBUG 9600 --- [http-nio-8080-exec-6] o.s.security.web.FilterChainProxy        : Securing GET /api/users/7
2025-03-25T09:49:55.518+02:00 DEBUG 9600 --- [http-nio-8080-exec-6] o.s.security.web.FilterChainProxy        : Secured GET /api/users/7
2025-03-25T09:49:55.519+02:00  WARN 9600 --- [http-nio-8080-exec-6] o.s.web.servlet.PageNotFound             : No mapping for GET /api/users/7
2025-03-25T09:49:55.523+02:00 DEBUG 9600 --- [http-nio-8080-exec-6] o.s.security.web.FilterChainProxy        : Securing GET /error
2025-03-25T09:49:55.527+02:00 DEBUG 9600 --- [http-nio-8080-exec-6] o.s.s.w.a.AnonymousAuthenticationFilter  : Set SecurityContextHolder to anonymous SecurityContext
2025-03-25T09:49:55.531+02:00 DEBUG 9600 --- [http-nio-8080-exec-6] o.s.s.w.s.HttpSessionRequestCache        : Saved request http://localhost:8080/error?continue to session
2025-03-25T09:49:55.531+02:00 DEBUG 9600 --- [http-nio-8080-exec-6] o.s.s.w.a.Http403ForbiddenEntryPoint     : Pre-authenticated entry point called. Rejecting access
2025-03-25T09:51:09.033+02:00  INFO 9600 --- [org.springframework.amqp.rabbit.RabbitListenerEndpointContainer#0-2] o.s.a.r.l.SimpleMessageListenerContainer : Waiting for workers to finish.
2025-03-25T09:51:09.667+02:00  INFO 9600 --- [org.springframework.amqp.rabbit.RabbitListenerEndpointContainer#0-2] o.s.a.r.l.SimpleMessageListenerContainer : Successfully waited for workers to finish.
2025-03-25T09:51:09.685+02:00  INFO 9600 --- [SpringApplicationShutdownHook] o.s.i.endpoint.EventDrivenConsumer       : Removing {logging-channel-adapter:_org.springframework.integration.errorLogger} as a subscriber to the 'errorChannel' channel
2025-03-25T09:51:09.685+02:00  INFO 9600 --- [SpringApplicationShutdownHook] o.s.i.channel.PublishSubscribeChannel    : Channel 'application.errorChannel' has 0 subscriber(s).
2025-03-25T09:51:09.686+02:00  INFO 9600 --- [SpringApplicationShutdownHook] o.s.i.endpoint.EventDrivenConsumer       : stopped bean '_org.springframework.integration.errorLogger'
2025-03-25T09:51:09.690+02:00  INFO 9600 --- [SpringApplicationShutdownHook] j.LocalContainerEntityManagerFactoryBean : Closing JPA EntityManagerFactory for persistence unit 'default'
2025-03-25T09:51:09.692+02:00  INFO 9600 --- [SpringApplicationShutdownHook] com.zaxxer.hikari.HikariDataSource       : HikariPool-1 - Shutdown initiated...
2025-03-25T09:51:09.703+02:00  INFO 9600 --- [SpringApplicationShutdownHook] com.zaxxer.hikari.HikariDataSource       : HikariPool-1 - Shutdown completed.
2025-03-25T09:51:13.679+02:00  INFO 15228 --- [restartedMain] com.example.DemoApplication              : Starting DemoApplication using Java 21.0.2 with PID 15228 (C:\Users\Швец Jr\IdeaProjects\JavaProWithMaven-2\target\classes started by Швец Jr in C:\Users\Швец Jr\IdeaProjects\JavaProWithMaven-2)
2025-03-25T09:51:13.682+02:00  INFO 15228 --- [restartedMain] com.example.DemoApplication              : The following 1 profile is active: "dev"
2025-03-25T09:51:13.754+02:00  INFO 15228 --- [restartedMain] .e.DevToolsPropertyDefaultsPostProcessor : Devtools property defaults active! Set 'spring.devtools.add-properties' to 'false' to disable
2025-03-25T09:51:13.754+02:00  INFO 15228 --- [restartedMain] .e.DevToolsPropertyDefaultsPostProcessor : For additional web related logging consider setting the 'logging.level.web' property to 'DEBUG'
2025-03-25T09:51:14.505+02:00  INFO 15228 --- [restartedMain] .s.d.r.c.RepositoryConfigurationDelegate : Bootstrapping Spring Data JPA repositories in DEFAULT mode.
2025-03-25T09:51:14.663+02:00  INFO 15228 --- [restartedMain] .s.d.r.c.RepositoryConfigurationDelegate : Finished Spring Data repository scanning in 150 ms. Found 10 JPA repository interfaces.
2025-03-25T09:51:15.022+02:00  INFO 15228 --- [restartedMain] faultConfiguringBeanFactoryPostProcessor : No bean named 'errorChannel' has been explicitly defined. Therefore, a default PublishSubscribeChannel will be created.
2025-03-25T09:51:15.029+02:00  INFO 15228 --- [restartedMain] faultConfiguringBeanFactoryPostProcessor : No bean named 'integrationHeaderChannelRegistry' has been explicitly defined. Therefore, a default DefaultHeaderChannelRegistry will be created.
2025-03-25T09:51:15.787+02:00  INFO 15228 --- [restartedMain] o.s.b.w.embedded.tomcat.TomcatWebServer  : Tomcat initialized with port(s): 8080 (http)
2025-03-25T09:51:15.796+02:00  INFO 15228 --- [restartedMain] o.apache.catalina.core.StandardService   : Starting service [Tomcat]
2025-03-25T09:51:15.797+02:00  INFO 15228 --- [restartedMain] o.apache.catalina.core.StandardEngine    : Starting Servlet engine: [Apache Tomcat/10.1.13]
2025-03-25T09:51:15.859+02:00  INFO 15228 --- [restartedMain] o.a.c.c.C.[Tomcat].[localhost].[/]       : Initializing Spring embedded WebApplicationContext
2025-03-25T09:51:15.859+02:00  INFO 15228 --- [restartedMain] w.s.c.ServletWebServerApplicationContext : Root WebApplicationContext: initialization completed in 2105 ms
2025-03-25T09:51:15.989+02:00  INFO 15228 --- [restartedMain] o.hibernate.jpa.internal.util.LogHelper  : HHH000204: Processing PersistenceUnitInfo [name: default]
2025-03-25T09:51:16.041+02:00  INFO 15228 --- [restartedMain] org.hibernate.Version                    : HHH000412: Hibernate ORM core version 6.2.9.Final
2025-03-25T09:51:16.043+02:00  INFO 15228 --- [restartedMain] org.hibernate.cfg.Environment            : HHH000406: Using bytecode reflection optimizer
2025-03-25T09:51:16.184+02:00  INFO 15228 --- [restartedMain] o.h.b.i.BytecodeProviderInitiator        : HHH000021: Bytecode provider name : bytebuddy
2025-03-25T09:51:16.302+02:00  INFO 15228 --- [restartedMain] o.s.o.j.p.SpringPersistenceUnitInfo      : No LoadTimeWeaver setup: ignoring JPA class transformer
2025-03-25T09:51:16.317+02:00  INFO 15228 --- [restartedMain] com.zaxxer.hikari.HikariDataSource       : HikariPool-1 - Starting...
2025-03-25T09:51:16.605+02:00  INFO 15228 --- [restartedMain] com.zaxxer.hikari.pool.HikariPool        : HikariPool-1 - Added connection com.mysql.cj.jdbc.ConnectionImpl@7018d350
2025-03-25T09:51:16.608+02:00  INFO 15228 --- [restartedMain] com.zaxxer.hikari.HikariDataSource       : HikariPool-1 - Start completed.
2025-03-25T09:51:16.951+02:00  INFO 15228 --- [restartedMain] o.h.b.i.BytecodeProviderInitiator        : HHH000021: Bytecode provider name : bytebuddy
2025-03-25T09:51:17.590+02:00  INFO 15228 --- [restartedMain] o.h.e.t.j.p.i.JtaPlatformInitiator       : HHH000490: Using JtaPlatform implementation: [org.hibernate.engine.transaction.jta.platform.internal.NoJtaPlatform]
2025-03-25T09:51:17.719+02:00  INFO 15228 --- [restartedMain] j.LocalContainerEntityManagerFactoryBean : Initialized JPA EntityManagerFactory for persistence unit 'default'
2025-03-25T09:51:19.399+02:00  WARN 15228 --- [restartedMain] JpaBaseConfiguration$JpaWebConfiguration : spring.jpa.open-in-view is enabled by default. Therefore, database queries may be performed during view rendering. Explicitly configure spring.jpa.open-in-view to disable this warning
2025-03-25T09:51:19.656+02:00  INFO 15228 --- [restartedMain] o.s.s.web.DefaultSecurityFilterChain     : Will secure any request with [org.springframework.security.web.session.DisableEncodeUrlFilter@2f70a381, org.springframework.security.web.context.request.async.WebAsyncManagerIntegrationFilter@1b0f73a0, org.springframework.security.web.context.SecurityContextHolderFilter@3eb8f102, org.springframework.security.web.header.HeaderWriterFilter@7d2da4e4, org.springframework.security.web.authentication.logout.LogoutFilter@61e31014, com.example.security.jwt.JwtAuthenticationFilter@2c9c0551, org.springframework.security.web.savedrequest.RequestCacheAwareFilter@50937eb0, org.springframework.security.web.servletapi.SecurityContextHolderAwareRequestFilter@1def4b3, org.springframework.security.web.authentication.AnonymousAuthenticationFilter@1a2e523d, org.springframework.security.web.access.ExceptionTranslationFilter@1faa4942, org.springframework.security.web.access.intercept.AuthorizationFilter@3a3762ee]
2025-03-25T09:51:20.154+02:00  INFO 15228 --- [restartedMain] o.s.b.d.a.OptionalLiveReloadServer       : LiveReload server is running on port 35729
2025-03-25T09:51:20.305+02:00  INFO 15228 --- [restartedMain] o.s.i.endpoint.EventDrivenConsumer       : Adding {logging-channel-adapter:_org.springframework.integration.errorLogger} as a subscriber to the 'errorChannel' channel
2025-03-25T09:51:20.306+02:00  INFO 15228 --- [restartedMain] o.s.i.channel.PublishSubscribeChannel    : Channel 'application.errorChannel' has 1 subscriber(s).
2025-03-25T09:51:20.306+02:00  INFO 15228 --- [restartedMain] o.s.i.endpoint.EventDrivenConsumer       : started bean '_org.springframework.integration.errorLogger'
2025-03-25T09:51:20.326+02:00  INFO 15228 --- [restartedMain] o.s.b.w.embedded.tomcat.TomcatWebServer  : Tomcat started on port(s): 8080 (http) with context path ''
2025-03-25T09:51:20.332+02:00  INFO 15228 --- [restartedMain] o.s.a.r.c.CachingConnectionFactory       : Attempting to connect to: [localhost:5672]
2025-03-25T09:51:20.386+02:00  INFO 15228 --- [restartedMain] o.s.a.r.c.CachingConnectionFactory       : Created new connection: rabbitConnectionFactory#71796d4d:0/SimpleConnection@139418ae [delegate=amqp://guest@127.0.0.1:5672/, localPort=52390]
2025-03-25T09:51:20.446+02:00  INFO 15228 --- [restartedMain] com.example.DemoApplication              : Started DemoApplication in 7.295 seconds (process running for 7.889)
2025-03-25T09:51:32.962+02:00  INFO 15228 --- [http-nio-8080-exec-1] o.a.c.c.C.[Tomcat].[localhost].[/]       : Initializing Spring DispatcherServlet 'dispatcherServlet'
2025-03-25T09:51:32.963+02:00  INFO 15228 --- [http-nio-8080-exec-1] o.s.web.servlet.DispatcherServlet        : Initializing Servlet 'dispatcherServlet'
2025-03-25T09:51:32.964+02:00  INFO 15228 --- [http-nio-8080-exec-1] o.s.web.servlet.DispatcherServlet        : Completed initialization in 1 ms
2025-03-25T09:51:32.972+02:00 DEBUG 15228 --- [http-nio-8080-exec-1] o.s.security.web.FilterChainProxy        : Securing GET /api/users/7
2025-03-25T09:51:33.384+02:00 DEBUG 15228 --- [http-nio-8080-exec-1] o.s.security.web.FilterChainProxy        : Secured GET /api/users/7
2025-03-25T09:51:58.927+02:00 DEBUG 15228 --- [http-nio-8080-exec-3] o.s.security.web.FilterChainProxy        : Securing POST /api/auth/login
2025-03-25T09:51:58.927+02:00 DEBUG 15228 --- [http-nio-8080-exec-3] o.s.security.web.FilterChainProxy        : Secured POST /api/auth/login
2025-03-25T09:51:59.116+02:00 DEBUG 15228 --- [http-nio-8080-exec-3] o.s.s.a.dao.DaoAuthenticationProvider    : Authenticated user
2025-03-25T09:51:59.117+02:00 DEBUG 15228 --- [http-nio-8080-exec-3] o.s.s.w.a.AnonymousAuthenticationFilter  : Set SecurityContextHolder to anonymous SecurityContext
2025-03-25T09:52:05.157+02:00 DEBUG 15228 --- [http-nio-8080-exec-4] o.s.security.web.FilterChainProxy        : Securing POST /api/courses/10/addUser/7
2025-03-25T09:52:05.179+02:00 DEBUG 15228 --- [http-nio-8080-exec-4] o.s.security.web.FilterChainProxy        : Secured POST /api/courses/10/addUser/7
2025-03-25T09:52:05.230+02:00 ERROR 15228 --- [http-nio-8080-exec-4] o.a.c.c.C.[.[.[/].[dispatcherServlet]    : Servlet.service() for servlet [dispatcherServlet] in context with path [] threw exception [Request processing failed: java.lang.IllegalStateException: User is already enrolled in this course] with root cause

java.lang.IllegalStateException: User is already enrolled in this course
	at com.example.service.studying.CourseService.addUserToCourse(CourseService.java:183) ~[classes/:na]
	at com.example.service.studying.CourseService$$SpringCGLIB$$1.invoke(<generated>) ~[classes/:na]
	at org.springframework.cglib.proxy.MethodProxy.invoke(MethodProxy.java:231) ~[spring-core-6.0.12.jar:6.0.12]
	at org.springframework.aop.framework.CglibAopProxy$CglibMethodInvocation.invokeJoinpoint(CglibAopProxy.java:793) ~[spring-aop-5.3.20.jar:5.3.20]
	at org.springframework.aop.framework.ReflectiveMethodInvocation.proceed(ReflectiveMethodInvocation.java:163) ~[spring-aop-5.3.20.jar:5.3.20]
	at org.springframework.aop.framework.CglibAopProxy$CglibMethodInvocation.proceed(CglibAopProxy.java:763) ~[spring-aop-5.3.20.jar:5.3.20]
	at org.springframework.transaction.interceptor.TransactionInterceptor$1.proceedWithInvocation(TransactionInterceptor.java:123) ~[spring-tx-6.0.12.jar:6.0.12]
	at org.springframework.transaction.interceptor.TransactionAspectSupport.invokeWithinTransaction(TransactionAspectSupport.java:391) ~[spring-tx-6.0.12.jar:6.0.12]
	at org.springframework.transaction.interceptor.TransactionInterceptor.invoke(TransactionInterceptor.java:119) ~[spring-tx-6.0.12.jar:6.0.12]
	at org.springframework.aop.framework.ReflectiveMethodInvocation.proceed(ReflectiveMethodInvocation.java:186) ~[spring-aop-5.3.20.jar:5.3.20]
	at org.springframework.aop.framework.CglibAopProxy$CglibMethodInvocation.proceed(CglibAopProxy.java:763) ~[spring-aop-5.3.20.jar:5.3.20]
	at org.springframework.aop.framework.CglibAopProxy$DynamicAdvisedInterceptor.intercept(CglibAopProxy.java:708) ~[spring-aop-5.3.20.jar:5.3.20]
	at com.example.service.studying.CourseService$$SpringCGLIB$$0.addUserToCourse(<generated>) ~[classes/:na]
	at com.example.controller.course.CourseController.addUserToCourse(CourseController.java:73) ~[classes/:na]
	at java.base/jdk.internal.reflect.DirectMethodHandleAccessor.invoke(DirectMethodHandleAccessor.java:103) ~[na:na]
	at java.base/java.lang.reflect.Method.invoke(Method.java:580) ~[na:na]
	at org.springframework.web.method.support.InvocableHandlerMethod.doInvoke(InvocableHandlerMethod.java:205) ~[spring-web-6.0.12.jar:6.0.12]
	at org.springframework.web.method.support.InvocableHandlerMethod.invokeForRequest(InvocableHandlerMethod.java:150) ~[spring-web-6.0.12.jar:6.0.12]
	at org.springframework.web.servlet.mvc.method.annotation.ServletInvocableHandlerMethod.invokeAndHandle(ServletInvocableHandlerMethod.java:118) ~[spring-webmvc-6.0.12.jar:6.0.12]
	at org.springframework.web.servlet.mvc.method.annotation.RequestMappingHandlerAdapter.invokeHandlerMethod(RequestMappingHandlerAdapter.java:884) ~[spring-webmvc-6.0.12.jar:6.0.12]
	at org.springframework.web.servlet.mvc.method.annotation.RequestMappingHandlerAdapter.handleInternal(RequestMappingHandlerAdapter.java:797) ~[spring-webmvc-6.0.12.jar:6.0.12]
	at org.springframework.web.servlet.mvc.method.AbstractHandlerMethodAdapter.handle(AbstractHandlerMethodAdapter.java:87) ~[spring-webmvc-6.0.12.jar:6.0.12]
	at org.springframework.web.servlet.DispatcherServlet.doDispatch(DispatcherServlet.java:1081) ~[spring-webmvc-6.0.12.jar:6.0.12]
	at org.springframework.web.servlet.DispatcherServlet.doService(DispatcherServlet.java:974) ~[spring-webmvc-6.0.12.jar:6.0.12]
	at org.springframework.web.servlet.FrameworkServlet.processRequest(FrameworkServlet.java:1011) ~[spring-webmvc-6.0.12.jar:6.0.12]
	at org.springframework.web.servlet.FrameworkServlet.doPost(FrameworkServlet.java:914) ~[spring-webmvc-6.0.12.jar:6.0.12]
	at jakarta.servlet.http.HttpServlet.service(HttpServlet.java:590) ~[tomcat-embed-core-10.1.13.jar:6.0]
	at org.springframework.web.servlet.FrameworkServlet.service(FrameworkServlet.java:885) ~[spring-webmvc-6.0.12.jar:6.0.12]
	at jakarta.servlet.http.HttpServlet.service(HttpServlet.java:658) ~[tomcat-embed-core-10.1.13.jar:6.0]
	at org.apache.catalina.core.ApplicationFilterChain.internalDoFilter(ApplicationFilterChain.java:205) ~[tomcat-embed-core-10.1.13.jar:10.1.13]
	at org.apache.catalina.core.ApplicationFilterChain.doFilter(ApplicationFilterChain.java:149) ~[tomcat-embed-core-10.1.13.jar:10.1.13]
	at org.apache.tomcat.websocket.server.WsFilter.doFilter(WsFilter.java:51) ~[tomcat-embed-websocket-10.1.13.jar:10.1.13]
	at org.apache.catalina.core.ApplicationFilterChain.internalDoFilter(ApplicationFilterChain.java:174) ~[tomcat-embed-core-10.1.13.jar:10.1.13]
	at org.apache.catalina.core.ApplicationFilterChain.doFilter(ApplicationFilterChain.java:149) ~[tomcat-embed-core-10.1.13.jar:10.1.13]
	at org.springframework.web.filter.OncePerRequestFilter.doFilter(OncePerRequestFilter.java:110) ~[spring-web-6.0.12.jar:6.0.12]
	at org.apache.catalina.core.ApplicationFilterChain.internalDoFilter(ApplicationFilterChain.java:174) ~[tomcat-embed-core-10.1.13.jar:10.1.13]
	at org.apache.catalina.core.ApplicationFilterChain.doFilter(ApplicationFilterChain.java:149) ~[tomcat-embed-core-10.1.13.jar:10.1.13]
	at org.springframework.security.web.FilterChainProxy.lambda$doFilterInternal$3(FilterChainProxy.java:231) ~[spring-security-web-6.1.4.jar:6.1.4]
	at org.springframework.security.web.FilterChainProxy$VirtualFilterChain.doFilter(FilterChainProxy.java:365) ~[spring-security-web-6.1.4.jar:6.1.4]
	at org.springframework.security.web.access.intercept.AuthorizationFilter.doFilter(AuthorizationFilter.java:100) ~[spring-security-web-6.1.4.jar:6.1.4]
	at org.springframework.security.web.FilterChainProxy$VirtualFilterChain.doFilter(FilterChainProxy.java:374) ~[spring-security-web-6.1.4.jar:6.1.4]
	at org.springframework.security.web.access.ExceptionTranslationFilter.doFilter(ExceptionTranslationFilter.java:126) ~[spring-security-web-6.1.4.jar:6.1.4]
	at org.springframework.security.web.access.ExceptionTranslationFilter.doFilter(ExceptionTranslationFilter.java:120) ~[spring-security-web-6.1.4.jar:6.1.4]
	at org.springframework.security.web.FilterChainProxy$VirtualFilterChain.doFilter(FilterChainProxy.java:374) ~[spring-security-web-6.1.4.jar:6.1.4]
	at org.springframework.security.web.authentication.AnonymousAuthenticationFilter.doFilter(AnonymousAuthenticationFilter.java:100) ~[spring-security-web-6.1.4.jar:6.1.4]
	at org.springframework.security.web.FilterChainProxy$VirtualFilterChain.doFilter(FilterChainProxy.java:374) ~[spring-security-web-6.1.4.jar:6.1.4]
	at org.springframework.security.web.servletapi.SecurityContextHolderAwareRequestFilter.doFilter(SecurityContextHolderAwareRequestFilter.java:179) ~[spring-security-web-6.1.4.jar:6.1.4]
	at org.springframework.security.web.FilterChainProxy$VirtualFilterChain.doFilter(FilterChainProxy.java:374) ~[spring-security-web-6.1.4.jar:6.1.4]
	at org.springframework.security.web.savedrequest.RequestCacheAwareFilter.doFilter(RequestCacheAwareFilter.java:63) ~[spring-security-web-6.1.4.jar:6.1.4]
	at org.springframework.security.web.FilterChainProxy$VirtualFilterChain.doFilter(FilterChainProxy.java:374) ~[spring-security-web-6.1.4.jar:6.1.4]
	at com.example.security.jwt.JwtAuthenticationFilter.doFilterInternal(JwtAuthenticationFilter.java:54) ~[classes/:na]
	at org.springframework.web.filter.OncePerRequestFilter.doFilter(OncePerRequestFilter.java:116) ~[spring-web-6.0.12.jar:6.0.12]
	at org.springframework.security.web.FilterChainProxy$VirtualFilterChain.doFilter(FilterChainProxy.java:374) ~[spring-security-web-6.1.4.jar:6.1.4]
	at org.springframework.security.web.authentication.logout.LogoutFilter.doFilter(LogoutFilter.java:107) ~[spring-security-web-6.1.4.jar:6.1.4]
	at org.springframework.security.web.authentication.logout.LogoutFilter.doFilter(LogoutFilter.java:93) ~[spring-security-web-6.1.4.jar:6.1.4]
	at org.springframework.security.web.FilterChainProxy$VirtualFilterChain.doFilter(FilterChainProxy.java:374) ~[spring-security-web-6.1.4.jar:6.1.4]
	at org.springframework.security.web.header.HeaderWriterFilter.doHeadersAfter(HeaderWriterFilter.java:90) ~[spring-security-web-6.1.4.jar:6.1.4]
	at org.springframework.security.web.header.HeaderWriterFilter.doFilterInternal(HeaderWriterFilter.java:75) ~[spring-security-web-6.1.4.jar:6.1.4]
	at org.springframework.web.filter.OncePerRequestFilter.doFilter(OncePerRequestFilter.java:116) ~[spring-web-6.0.12.jar:6.0.12]
	at org.springframework.security.web.FilterChainProxy$VirtualFilterChain.doFilter(FilterChainProxy.java:374) ~[spring-security-web-6.1.4.jar:6.1.4]
	at org.springframework.security.web.context.SecurityContextHolderFilter.doFilter(SecurityContextHolderFilter.java:82) ~[spring-security-web-6.1.4.jar:6.1.4]
	at org.springframework.security.web.context.SecurityContextHolderFilter.doFilter(SecurityContextHolderFilter.java:69) ~[spring-security-web-6.1.4.jar:6.1.4]
	at org.springframework.security.web.FilterChainProxy$VirtualFilterChain.doFilter(FilterChainProxy.java:374) ~[spring-security-web-6.1.4.jar:6.1.4]
	at org.springframework.security.web.context.request.async.WebAsyncManagerIntegrationFilter.doFilterInternal(WebAsyncManagerIntegrationFilter.java:62) ~[spring-security-web-6.1.4.jar:6.1.4]
	at org.springframework.web.filter.OncePerRequestFilter.doFilter(OncePerRequestFilter.java:116) ~[spring-web-6.0.12.jar:6.0.12]
	at org.springframework.security.web.FilterChainProxy$VirtualFilterChain.doFilter(FilterChainProxy.java:374) ~[spring-security-web-6.1.4.jar:6.1.4]
	at org.springframework.security.web.session.DisableEncodeUrlFilter.doFilterInternal(DisableEncodeUrlFilter.java:42) ~[spring-security-web-6.1.4.jar:6.1.4]
	at org.springframework.web.filter.OncePerRequestFilter.doFilter(OncePerRequestFilter.java:116) ~[spring-web-6.0.12.jar:6.0.12]
	at org.springframework.security.web.FilterChainProxy$VirtualFilterChain.doFilter(FilterChainProxy.java:374) ~[spring-security-web-6.1.4.jar:6.1.4]
	at org.springframework.security.web.FilterChainProxy.doFilterInternal(FilterChainProxy.java:233) ~[spring-security-web-6.1.4.jar:6.1.4]
	at org.springframework.security.web.FilterChainProxy.doFilter(FilterChainProxy.java:191) ~[spring-security-web-6.1.4.jar:6.1.4]
	at org.springframework.web.filter.DelegatingFilterProxy.invokeDelegate(DelegatingFilterProxy.java:352) ~[spring-web-6.0.12.jar:6.0.12]
	at org.springframework.web.filter.DelegatingFilterProxy.doFilter(DelegatingFilterProxy.java:268) ~[spring-web-6.0.12.jar:6.0.12]
	at org.apache.catalina.core.ApplicationFilterChain.internalDoFilter(ApplicationFilterChain.java:174) ~[tomcat-embed-core-10.1.13.jar:10.1.13]
	at org.apache.catalina.core.ApplicationFilterChain.doFilter(ApplicationFilterChain.java:149) ~[tomcat-embed-core-10.1.13.jar:10.1.13]
	at org.springframework.web.filter.CharacterEncodingFilter.doFilterInternal(CharacterEncodingFilter.java:201) ~[spring-web-6.0.12.jar:6.0.12]
	at org.springframework.web.filter.OncePerRequestFilter.doFilter(OncePerRequestFilter.java:116) ~[spring-web-6.0.12.jar:6.0.12]
	at org.apache.catalina.core.ApplicationFilterChain.internalDoFilter(ApplicationFilterChain.java:174) ~[tomcat-embed-core-10.1.13.jar:10.1.13]
	at org.apache.catalina.core.ApplicationFilterChain.doFilter(ApplicationFilterChain.java:149) ~[tomcat-embed-core-10.1.13.jar:10.1.13]
	at org.apache.catalina.core.StandardWrapperValve.invoke(StandardWrapperValve.java:167) ~[tomcat-embed-core-10.1.13.jar:10.1.13]
	at org.apache.catalina.core.StandardContextValve.invoke(StandardContextValve.java:90) ~[tomcat-embed-core-10.1.13.jar:10.1.13]
	at org.apache.catalina.authenticator.AuthenticatorBase.invoke(AuthenticatorBase.java:482) ~[tomcat-embed-core-10.1.13.jar:10.1.13]
	at org.apache.catalina.core.StandardHostValve.invoke(StandardHostValve.java:115) ~[tomcat-embed-core-10.1.13.jar:10.1.13]
	at org.apache.catalina.valves.ErrorReportValve.invoke(ErrorReportValve.java:93) ~[tomcat-embed-core-10.1.13.jar:10.1.13]
	at org.apache.catalina.core.StandardEngineValve.invoke(StandardEngineValve.java:74) ~[tomcat-embed-core-10.1.13.jar:10.1.13]
	at org.apache.catalina.connector.CoyoteAdapter.service(CoyoteAdapter.java:341) ~[tomcat-embed-core-10.1.13.jar:10.1.13]
	at org.apache.coyote.http11.Http11Processor.service(Http11Processor.java:391) ~[tomcat-embed-core-10.1.13.jar:10.1.13]
	at org.apache.coyote.AbstractProcessorLight.process(AbstractProcessorLight.java:63) ~[tomcat-embed-core-10.1.13.jar:10.1.13]
	at org.apache.coyote.AbstractProtocol$ConnectionHandler.process(AbstractProtocol.java:894) ~[tomcat-embed-core-10.1.13.jar:10.1.13]
	at org.apache.tomcat.util.net.NioEndpoint$SocketProcessor.doRun(NioEndpoint.java:1740) ~[tomcat-embed-core-10.1.13.jar:10.1.13]
	at org.apache.tomcat.util.net.SocketProcessorBase.run(SocketProcessorBase.java:52) ~[tomcat-embed-core-10.1.13.jar:10.1.13]
	at org.apache.tomcat.util.threads.ThreadPoolExecutor.runWorker(ThreadPoolExecutor.java:1191) ~[tomcat-embed-core-10.1.13.jar:10.1.13]
	at org.apache.tomcat.util.threads.ThreadPoolExecutor$Worker.run(ThreadPoolExecutor.java:659) ~[tomcat-embed-core-10.1.13.jar:10.1.13]
	at org.apache.tomcat.util.threads.TaskThread$WrappingRunnable.run(TaskThread.java:61) ~[tomcat-embed-core-10.1.13.jar:10.1.13]
	at java.base/java.lang.Thread.run(Thread.java:1583) ~[na:na]

2025-03-25T09:52:05.239+02:00 DEBUG 15228 --- [http-nio-8080-exec-4] o.s.security.web.FilterChainProxy        : Securing POST /error
2025-03-25T09:52:05.243+02:00 DEBUG 15228 --- [http-nio-8080-exec-4] o.s.s.w.a.AnonymousAuthenticationFilter  : Set SecurityContextHolder to anonymous SecurityContext
2025-03-25T09:52:05.247+02:00 DEBUG 15228 --- [http-nio-8080-exec-4] o.s.s.w.s.HttpSessionRequestCache        : Saved request http://localhost:8080/error?continue to session
2025-03-25T09:52:05.247+02:00 DEBUG 15228 --- [http-nio-8080-exec-4] o.s.s.w.a.Http403ForbiddenEntryPoint     : Pre-authenticated entry point called. Rejecting access
2025-03-25T10:03:03.896+02:00  INFO 15228 --- [org.springframework.amqp.rabbit.RabbitListenerEndpointContainer#0-2] o.s.a.r.l.SimpleMessageListenerContainer : Waiting for workers to finish.
2025-03-25T10:03:04.160+02:00  INFO 15228 --- [org.springframework.amqp.rabbit.RabbitListenerEndpointContainer#0-2] o.s.a.r.l.SimpleMessageListenerContainer : Successfully waited for workers to finish.
2025-03-25T10:03:04.178+02:00  INFO 15228 --- [SpringApplicationShutdownHook] o.s.i.endpoint.EventDrivenConsumer       : Removing {logging-channel-adapter:_org.springframework.integration.errorLogger} as a subscriber to the 'errorChannel' channel
2025-03-25T10:03:04.178+02:00  INFO 15228 --- [SpringApplicationShutdownHook] o.s.i.channel.PublishSubscribeChannel    : Channel 'application.errorChannel' has 0 subscriber(s).
2025-03-25T10:03:04.179+02:00  INFO 15228 --- [SpringApplicationShutdownHook] o.s.i.endpoint.EventDrivenConsumer       : stopped bean '_org.springframework.integration.errorLogger'
2025-03-25T10:03:04.182+02:00  INFO 15228 --- [SpringApplicationShutdownHook] j.LocalContainerEntityManagerFactoryBean : Closing JPA EntityManagerFactory for persistence unit 'default'
2025-03-25T10:03:04.184+02:00  INFO 15228 --- [SpringApplicationShutdownHook] com.zaxxer.hikari.HikariDataSource       : HikariPool-1 - Shutdown initiated...
2025-03-25T10:03:04.195+02:00  INFO 15228 --- [SpringApplicationShutdownHook] com.zaxxer.hikari.HikariDataSource       : HikariPool-1 - Shutdown completed.
2025-03-25T10:03:09.359+02:00  INFO 11948 --- [restartedMain] com.example.DemoApplication              : Starting DemoApplication using Java 21.0.2 with PID 11948 (C:\Users\Швец Jr\IdeaProjects\JavaProWithMaven-2\target\classes started by Швец Jr in C:\Users\Швец Jr\IdeaProjects\JavaProWithMaven-2)
2025-03-25T10:03:09.362+02:00  INFO 11948 --- [restartedMain] com.example.DemoApplication              : The following 1 profile is active: "dev"
2025-03-25T10:03:09.437+02:00  INFO 11948 --- [restartedMain] .e.DevToolsPropertyDefaultsPostProcessor : Devtools property defaults active! Set 'spring.devtools.add-properties' to 'false' to disable
2025-03-25T10:03:09.437+02:00  INFO 11948 --- [restartedMain] .e.DevToolsPropertyDefaultsPostProcessor : For additional web related logging consider setting the 'logging.level.web' property to 'DEBUG'
2025-03-25T10:03:10.096+02:00  INFO 11948 --- [restartedMain] .s.d.r.c.RepositoryConfigurationDelegate : Bootstrapping Spring Data JPA repositories in DEFAULT mode.
2025-03-25T10:03:10.248+02:00  INFO 11948 --- [restartedMain] .s.d.r.c.RepositoryConfigurationDelegate : Finished Spring Data repository scanning in 146 ms. Found 10 JPA repository interfaces.
2025-03-25T10:03:10.579+02:00  INFO 11948 --- [restartedMain] faultConfiguringBeanFactoryPostProcessor : No bean named 'errorChannel' has been explicitly defined. Therefore, a default PublishSubscribeChannel will be created.
2025-03-25T10:03:10.586+02:00  INFO 11948 --- [restartedMain] faultConfiguringBeanFactoryPostProcessor : No bean named 'integrationHeaderChannelRegistry' has been explicitly defined. Therefore, a default DefaultHeaderChannelRegistry will be created.
2025-03-25T10:03:11.213+02:00  INFO 11948 --- [restartedMain] o.s.b.w.embedded.tomcat.TomcatWebServer  : Tomcat initialized with port(s): 8080 (http)
2025-03-25T10:03:11.223+02:00  INFO 11948 --- [restartedMain] o.apache.catalina.core.StandardService   : Starting service [Tomcat]
2025-03-25T10:03:11.223+02:00  INFO 11948 --- [restartedMain] o.apache.catalina.core.StandardEngine    : Starting Servlet engine: [Apache Tomcat/10.1.13]
2025-03-25T10:03:11.287+02:00  INFO 11948 --- [restartedMain] o.a.c.c.C.[Tomcat].[localhost].[/]       : Initializing Spring embedded WebApplicationContext
2025-03-25T10:03:11.287+02:00  INFO 11948 --- [restartedMain] w.s.c.ServletWebServerApplicationContext : Root WebApplicationContext: initialization completed in 1849 ms
2025-03-25T10:03:11.411+02:00  INFO 11948 --- [restartedMain] o.hibernate.jpa.internal.util.LogHelper  : HHH000204: Processing PersistenceUnitInfo [name: default]
2025-03-25T10:03:11.468+02:00  INFO 11948 --- [restartedMain] org.hibernate.Version                    : HHH000412: Hibernate ORM core version 6.2.9.Final
2025-03-25T10:03:11.472+02:00  INFO 11948 --- [restartedMain] org.hibernate.cfg.Environment            : HHH000406: Using bytecode reflection optimizer
2025-03-25T10:03:11.622+02:00  INFO 11948 --- [restartedMain] o.h.b.i.BytecodeProviderInitiator        : HHH000021: Bytecode provider name : bytebuddy
2025-03-25T10:03:11.749+02:00  INFO 11948 --- [restartedMain] o.s.o.j.p.SpringPersistenceUnitInfo      : No LoadTimeWeaver setup: ignoring JPA class transformer
2025-03-25T10:03:11.763+02:00  INFO 11948 --- [restartedMain] com.zaxxer.hikari.HikariDataSource       : HikariPool-1 - Starting...
2025-03-25T10:03:12.068+02:00  INFO 11948 --- [restartedMain] com.zaxxer.hikari.pool.HikariPool        : HikariPool-1 - Added connection com.mysql.cj.jdbc.ConnectionImpl@31d5d93b
2025-03-25T10:03:12.070+02:00  INFO 11948 --- [restartedMain] com.zaxxer.hikari.HikariDataSource       : HikariPool-1 - Start completed.
2025-03-25T10:03:12.418+02:00  INFO 11948 --- [restartedMain] o.h.b.i.BytecodeProviderInitiator        : HHH000021: Bytecode provider name : bytebuddy
2025-03-25T10:03:13.070+02:00  INFO 11948 --- [restartedMain] o.h.e.t.j.p.i.JtaPlatformInitiator       : HHH000490: Using JtaPlatform implementation: [org.hibernate.engine.transaction.jta.platform.internal.NoJtaPlatform]
2025-03-25T10:03:13.204+02:00  INFO 11948 --- [restartedMain] j.LocalContainerEntityManagerFactoryBean : Initialized JPA EntityManagerFactory for persistence unit 'default'
2025-03-25T10:03:14.857+02:00  WARN 11948 --- [restartedMain] JpaBaseConfiguration$JpaWebConfiguration : spring.jpa.open-in-view is enabled by default. Therefore, database queries may be performed during view rendering. Explicitly configure spring.jpa.open-in-view to disable this warning
2025-03-25T10:03:15.116+02:00  INFO 11948 --- [restartedMain] o.s.s.web.DefaultSecurityFilterChain     : Will secure any request with [org.springframework.security.web.session.DisableEncodeUrlFilter@74ce7185, org.springframework.security.web.context.request.async.WebAsyncManagerIntegrationFilter@1cc5b237, org.springframework.security.web.context.SecurityContextHolderFilter@4afbe13f, org.springframework.security.web.header.HeaderWriterFilter@182e2889, org.springframework.security.web.authentication.logout.LogoutFilter@1ab278d4, com.example.security.jwt.JwtAuthenticationFilter@52bd76f2, org.springframework.security.web.savedrequest.RequestCacheAwareFilter@41a774db, org.springframework.security.web.servletapi.SecurityContextHolderAwareRequestFilter@1cda517, org.springframework.security.web.authentication.AnonymousAuthenticationFilter@16a5d21a, org.springframework.security.web.access.ExceptionTranslationFilter@61d0d1ca, org.springframework.security.web.access.intercept.AuthorizationFilter@31a779ac]
2025-03-25T10:03:15.612+02:00  INFO 11948 --- [restartedMain] o.s.b.d.a.OptionalLiveReloadServer       : LiveReload server is running on port 35729
2025-03-25T10:03:15.758+02:00  INFO 11948 --- [restartedMain] o.s.i.endpoint.EventDrivenConsumer       : Adding {logging-channel-adapter:_org.springframework.integration.errorLogger} as a subscriber to the 'errorChannel' channel
2025-03-25T10:03:15.758+02:00  INFO 11948 --- [restartedMain] o.s.i.channel.PublishSubscribeChannel    : Channel 'application.errorChannel' has 1 subscriber(s).
2025-03-25T10:03:15.759+02:00  INFO 11948 --- [restartedMain] o.s.i.endpoint.EventDrivenConsumer       : started bean '_org.springframework.integration.errorLogger'
2025-03-25T10:03:15.779+02:00  INFO 11948 --- [restartedMain] o.s.b.w.embedded.tomcat.TomcatWebServer  : Tomcat started on port(s): 8080 (http) with context path ''
2025-03-25T10:03:15.785+02:00  INFO 11948 --- [restartedMain] o.s.a.r.c.CachingConnectionFactory       : Attempting to connect to: [localhost:5672]
2025-03-25T10:03:15.845+02:00  INFO 11948 --- [restartedMain] o.s.a.r.c.CachingConnectionFactory       : Created new connection: rabbitConnectionFactory#2b7eb5a5:0/SimpleConnection@631facd5 [delegate=amqp://guest@127.0.0.1:5672/, localPort=52508]
2025-03-25T10:03:15.913+02:00  INFO 11948 --- [restartedMain] com.example.DemoApplication              : Started DemoApplication in 7.035 seconds (process running for 7.6)
2025-03-25T10:06:10.614+02:00  INFO 11948 --- [org.springframework.amqp.rabbit.RabbitListenerEndpointContainer#0-2] o.s.a.r.l.SimpleMessageListenerContainer : Waiting for workers to finish.
2025-03-25T10:06:11.470+02:00  INFO 11948 --- [org.springframework.amqp.rabbit.RabbitListenerEndpointContainer#0-2] o.s.a.r.l.SimpleMessageListenerContainer : Successfully waited for workers to finish.
2025-03-25T10:06:11.496+02:00  INFO 11948 --- [SpringApplicationShutdownHook] o.s.i.endpoint.EventDrivenConsumer       : Removing {logging-channel-adapter:_org.springframework.integration.errorLogger} as a subscriber to the 'errorChannel' channel
2025-03-25T10:06:11.496+02:00  INFO 11948 --- [SpringApplicationShutdownHook] o.s.i.channel.PublishSubscribeChannel    : Channel 'application.errorChannel' has 0 subscriber(s).
2025-03-25T10:06:11.497+02:00  INFO 11948 --- [SpringApplicationShutdownHook] o.s.i.endpoint.EventDrivenConsumer       : stopped bean '_org.springframework.integration.errorLogger'
2025-03-25T10:06:11.501+02:00  INFO 11948 --- [SpringApplicationShutdownHook] j.LocalContainerEntityManagerFactoryBean : Closing JPA EntityManagerFactory for persistence unit 'default'
2025-03-25T10:06:11.503+02:00  INFO 11948 --- [SpringApplicationShutdownHook] com.zaxxer.hikari.HikariDataSource       : HikariPool-1 - Shutdown initiated...
2025-03-25T10:06:11.515+02:00  INFO 11948 --- [SpringApplicationShutdownHook] com.zaxxer.hikari.HikariDataSource       : HikariPool-1 - Shutdown completed.
2025-03-25T10:17:04.898+02:00  INFO 15932 --- [restartedMain] com.example.DemoApplication              : Starting DemoApplication using Java 21.0.2 with PID 15932 (C:\Users\Швец Jr\IdeaProjects\JavaProWithMaven-2\target\classes started by Швец Jr in C:\Users\Швец Jr\IdeaProjects\JavaProWithMaven-2)
2025-03-25T10:17:04.901+02:00  INFO 15932 --- [restartedMain] com.example.DemoApplication              : The following 1 profile is active: "dev"
2025-03-25T10:17:04.981+02:00  INFO 15932 --- [restartedMain] .e.DevToolsPropertyDefaultsPostProcessor : Devtools property defaults active! Set 'spring.devtools.add-properties' to 'false' to disable
2025-03-25T10:17:04.982+02:00  INFO 15932 --- [restartedMain] .e.DevToolsPropertyDefaultsPostProcessor : For additional web related logging consider setting the 'logging.level.web' property to 'DEBUG'
2025-03-25T10:17:05.644+02:00  INFO 15932 --- [restartedMain] .s.d.r.c.RepositoryConfigurationDelegate : Bootstrapping Spring Data JPA repositories in DEFAULT mode.
2025-03-25T10:17:05.796+02:00  INFO 15932 --- [restartedMain] .s.d.r.c.RepositoryConfigurationDelegate : Finished Spring Data repository scanning in 143 ms. Found 10 JPA repository interfaces.
2025-03-25T10:17:06.128+02:00  INFO 15932 --- [restartedMain] faultConfiguringBeanFactoryPostProcessor : No bean named 'errorChannel' has been explicitly defined. Therefore, a default PublishSubscribeChannel will be created.
2025-03-25T10:17:06.135+02:00  INFO 15932 --- [restartedMain] faultConfiguringBeanFactoryPostProcessor : No bean named 'integrationHeaderChannelRegistry' has been explicitly defined. Therefore, a default DefaultHeaderChannelRegistry will be created.
2025-03-25T10:17:06.760+02:00  INFO 15932 --- [restartedMain] o.s.b.w.embedded.tomcat.TomcatWebServer  : Tomcat initialized with port(s): 8080 (http)
2025-03-25T10:17:06.770+02:00  INFO 15932 --- [restartedMain] o.apache.catalina.core.StandardService   : Starting service [Tomcat]
2025-03-25T10:17:06.770+02:00  INFO 15932 --- [restartedMain] o.apache.catalina.core.StandardEngine    : Starting Servlet engine: [Apache Tomcat/10.1.13]
2025-03-25T10:17:06.832+02:00  INFO 15932 --- [restartedMain] o.a.c.c.C.[Tomcat].[localhost].[/]       : Initializing Spring embedded WebApplicationContext
2025-03-25T10:17:06.832+02:00  INFO 15932 --- [restartedMain] w.s.c.ServletWebServerApplicationContext : Root WebApplicationContext: initialization completed in 1850 ms
2025-03-25T10:17:06.957+02:00  INFO 15932 --- [restartedMain] o.hibernate.jpa.internal.util.LogHelper  : HHH000204: Processing PersistenceUnitInfo [name: default]
2025-03-25T10:17:07.006+02:00  INFO 15932 --- [restartedMain] org.hibernate.Version                    : HHH000412: Hibernate ORM core version 6.2.9.Final
2025-03-25T10:17:07.008+02:00  INFO 15932 --- [restartedMain] org.hibernate.cfg.Environment            : HHH000406: Using bytecode reflection optimizer
2025-03-25T10:17:07.144+02:00  INFO 15932 --- [restartedMain] o.h.b.i.BytecodeProviderInitiator        : HHH000021: Bytecode provider name : bytebuddy
2025-03-25T10:17:07.262+02:00  INFO 15932 --- [restartedMain] o.s.o.j.p.SpringPersistenceUnitInfo      : No LoadTimeWeaver setup: ignoring JPA class transformer
2025-03-25T10:17:07.277+02:00  INFO 15932 --- [restartedMain] com.zaxxer.hikari.HikariDataSource       : HikariPool-1 - Starting...
2025-03-25T10:17:07.571+02:00  INFO 15932 --- [restartedMain] com.zaxxer.hikari.pool.HikariPool        : HikariPool-1 - Added connection com.mysql.cj.jdbc.ConnectionImpl@3e32b436
2025-03-25T10:17:07.573+02:00  INFO 15932 --- [restartedMain] com.zaxxer.hikari.HikariDataSource       : HikariPool-1 - Start completed.
2025-03-25T10:17:07.899+02:00  INFO 15932 --- [restartedMain] o.h.b.i.BytecodeProviderInitiator        : HHH000021: Bytecode provider name : bytebuddy
2025-03-25T10:17:08.547+02:00  INFO 15932 --- [restartedMain] o.h.e.t.j.p.i.JtaPlatformInitiator       : HHH000490: Using JtaPlatform implementation: [org.hibernate.engine.transaction.jta.platform.internal.NoJtaPlatform]
2025-03-25T10:17:09.626+02:00  INFO 15932 --- [restartedMain] j.LocalContainerEntityManagerFactoryBean : Initialized JPA EntityManagerFactory for persistence unit 'default'
2025-03-25T10:17:11.192+02:00  WARN 15932 --- [restartedMain] JpaBaseConfiguration$JpaWebConfiguration : spring.jpa.open-in-view is enabled by default. Therefore, database queries may be performed during view rendering. Explicitly configure spring.jpa.open-in-view to disable this warning
2025-03-25T10:17:11.449+02:00  INFO 15932 --- [restartedMain] o.s.s.web.DefaultSecurityFilterChain     : Will secure any request with [org.springframework.security.web.session.DisableEncodeUrlFilter@18f60330, org.springframework.security.web.context.request.async.WebAsyncManagerIntegrationFilter@5666b103, org.springframework.security.web.context.SecurityContextHolderFilter@37024d7d, org.springframework.security.web.header.HeaderWriterFilter@1edc0a07, org.springframework.security.web.authentication.logout.LogoutFilter@1cda517, com.example.security.jwt.JwtAuthenticationFilter@739b74ec, org.springframework.security.web.savedrequest.RequestCacheAwareFilter@10d4fd2, org.springframework.security.web.servletapi.SecurityContextHolderAwareRequestFilter@2830b70c, org.springframework.security.web.authentication.AnonymousAuthenticationFilter@6ebe3345, org.springframework.security.web.access.ExceptionTranslationFilter@4e5f681e, org.springframework.security.web.access.intercept.AuthorizationFilter@23236872]
2025-03-25T10:17:11.951+02:00  INFO 15932 --- [restartedMain] o.s.b.d.a.OptionalLiveReloadServer       : LiveReload server is running on port 35729
2025-03-25T10:17:12.090+02:00  INFO 15932 --- [restartedMain] o.s.i.endpoint.EventDrivenConsumer       : Adding {logging-channel-adapter:_org.springframework.integration.errorLogger} as a subscriber to the 'errorChannel' channel
2025-03-25T10:17:12.091+02:00  INFO 15932 --- [restartedMain] o.s.i.channel.PublishSubscribeChannel    : Channel 'application.errorChannel' has 1 subscriber(s).
2025-03-25T10:17:12.092+02:00  INFO 15932 --- [restartedMain] o.s.i.endpoint.EventDrivenConsumer       : started bean '_org.springframework.integration.errorLogger'
2025-03-25T10:17:12.110+02:00  INFO 15932 --- [restartedMain] o.s.b.w.embedded.tomcat.TomcatWebServer  : Tomcat started on port(s): 8080 (http) with context path ''
2025-03-25T10:17:12.115+02:00  INFO 15932 --- [restartedMain] o.s.a.r.c.CachingConnectionFactory       : Attempting to connect to: [localhost:5672]
2025-03-25T10:17:12.181+02:00  INFO 15932 --- [restartedMain] o.s.a.r.c.CachingConnectionFactory       : Created new connection: rabbitConnectionFactory#5d75153e:0/SimpleConnection@26f56585 [delegate=amqp://guest@127.0.0.1:5672/, localPort=52664]
2025-03-25T10:17:12.270+02:00  INFO 15932 --- [restartedMain] com.example.DemoApplication              : Started DemoApplication in 7.926 seconds (process running for 8.544)
2025-03-25T10:17:39.446+02:00  INFO 15932 --- [http-nio-8080-exec-2] o.a.c.c.C.[Tomcat].[localhost].[/]       : Initializing Spring DispatcherServlet 'dispatcherServlet'
2025-03-25T10:17:39.446+02:00  INFO 15932 --- [http-nio-8080-exec-2] o.s.web.servlet.DispatcherServlet        : Initializing Servlet 'dispatcherServlet'
2025-03-25T10:17:39.448+02:00  INFO 15932 --- [http-nio-8080-exec-2] o.s.web.servlet.DispatcherServlet        : Completed initialization in 2 ms
2025-03-25T10:17:39.454+02:00 DEBUG 15932 --- [http-nio-8080-exec-2] o.s.security.web.FilterChainProxy        : Securing POST /api/auth/register
2025-03-25T10:17:39.476+02:00 DEBUG 15932 --- [http-nio-8080-exec-2] o.s.security.web.FilterChainProxy        : Secured POST /api/auth/register
2025-03-25T10:17:39.982+02:00 DEBUG 15932 --- [http-nio-8080-exec-2] o.s.s.w.a.AnonymousAuthenticationFilter  : Set SecurityContextHolder to anonymous SecurityContext
2025-03-25T10:17:43.837+02:00 DEBUG 15932 --- [http-nio-8080-exec-3] o.s.security.web.FilterChainProxy        : Securing POST /api/auth/register
2025-03-25T10:17:43.837+02:00 DEBUG 15932 --- [http-nio-8080-exec-3] o.s.security.web.FilterChainProxy        : Secured POST /api/auth/register
2025-03-25T10:17:43.931+02:00 DEBUG 15932 --- [http-nio-8080-exec-3] o.s.s.w.a.AnonymousAuthenticationFilter  : Set SecurityContextHolder to anonymous SecurityContext
2025-03-25T10:17:46.458+02:00 DEBUG 15932 --- [http-nio-8080-exec-4] o.s.security.web.FilterChainProxy        : Securing POST /api/auth/login
2025-03-25T10:17:46.459+02:00 DEBUG 15932 --- [http-nio-8080-exec-4] o.s.security.web.FilterChainProxy        : Secured POST /api/auth/login
2025-03-25T10:17:46.618+02:00 DEBUG 15932 --- [http-nio-8080-exec-4] o.s.s.a.dao.DaoAuthenticationProvider    : Authenticated user
2025-03-25T10:17:46.619+02:00 DEBUG 15932 --- [http-nio-8080-exec-4] o.s.s.w.a.AnonymousAuthenticationFilter  : Set SecurityContextHolder to anonymous SecurityContext
2025-03-25T10:17:51.765+02:00 DEBUG 15932 --- [http-nio-8080-exec-5] o.s.security.web.FilterChainProxy        : Securing POST /api/auth/login
2025-03-25T10:17:51.766+02:00 DEBUG 15932 --- [http-nio-8080-exec-5] o.s.security.web.FilterChainProxy        : Secured POST /api/auth/login
2025-03-25T10:17:51.838+02:00 DEBUG 15932 --- [http-nio-8080-exec-5] o.s.s.a.dao.DaoAuthenticationProvider    : Authenticated user
2025-03-25T10:17:51.839+02:00 DEBUG 15932 --- [http-nio-8080-exec-5] o.s.s.w.a.AnonymousAuthenticationFilter  : Set SecurityContextHolder to anonymous SecurityContext
2025-03-25T10:17:58.721+02:00 DEBUG 15932 --- [http-nio-8080-exec-6] o.s.security.web.FilterChainProxy        : Securing POST /api/courses/create-course
2025-03-25T10:17:58.807+02:00 DEBUG 15932 --- [http-nio-8080-exec-6] o.s.security.web.FilterChainProxy        : Secured POST /api/courses/create-course
2025-03-25T10:17:58.814+02:00  INFO 15932 --- [http-nio-8080-exec-6] c.e.controller.course.CourseController   : Creating course by teacher: john_doe
2025-03-25T10:18:11.744+02:00 DEBUG 15932 --- [http-nio-8080-exec-7] o.s.security.web.FilterChainProxy        : Securing PUT /api/courses/1
2025-03-25T10:18:11.765+02:00 DEBUG 15932 --- [http-nio-8080-exec-7] o.s.security.web.FilterChainProxy        : Secured PUT /api/courses/1
2025-03-25T10:18:23.948+02:00 DEBUG 15932 --- [http-nio-8080-exec-8] o.s.security.web.FilterChainProxy        : Securing POST /api/courses/1/addUser/2
2025-03-25T10:18:23.969+02:00 DEBUG 15932 --- [http-nio-8080-exec-8] o.s.security.web.FilterChainProxy        : Secured POST /api/courses/1/addUser/2
2025-03-25T10:18:39.007+02:00 DEBUG 15932 --- [http-nio-8080-exec-9] o.s.security.web.FilterChainProxy        : Securing GET /api/courses/1
2025-03-25T10:18:39.023+02:00 DEBUG 15932 --- [http-nio-8080-exec-9] o.s.security.web.FilterChainProxy        : Secured GET /api/courses/1
2025-03-25T10:18:50.466+02:00 DEBUG 15932 --- [http-nio-8080-exec-10] o.s.security.web.FilterChainProxy        : Securing GET /api/courses/all
2025-03-25T10:18:50.489+02:00 DEBUG 15932 --- [http-nio-8080-exec-10] o.s.security.web.FilterChainProxy        : Secured GET /api/courses/all
2025-03-25T10:19:13.000+02:00 DEBUG 15932 --- [http-nio-8080-exec-1] o.s.security.web.FilterChainProxy        : Securing POST /api/lessons/1
2025-03-25T10:19:13.020+02:00 DEBUG 15932 --- [http-nio-8080-exec-1] o.s.security.web.FilterChainProxy        : Secured POST /api/lessons/1
2025-03-25T10:19:33.285+02:00 DEBUG 15932 --- [http-nio-8080-exec-2] o.s.security.web.FilterChainProxy        : Securing GET /api/lessons/1
2025-03-25T10:19:33.306+02:00 DEBUG 15932 --- [http-nio-8080-exec-2] o.s.security.web.FilterChainProxy        : Secured GET /api/lessons/1
2025-03-25T10:19:41.849+02:00 DEBUG 15932 --- [http-nio-8080-exec-3] o.s.security.web.FilterChainProxy        : Securing POST /api/lessons/1/homework
2025-03-25T10:19:41.870+02:00 DEBUG 15932 --- [http-nio-8080-exec-3] o.s.security.web.FilterChainProxy        : Secured POST /api/lessons/1/homework
2025-03-25T10:19:41.892+02:00 ERROR 15932 --- [http-nio-8080-exec-3] o.a.c.c.C.[.[.[/].[dispatcherServlet]    : Servlet.service() for servlet [dispatcherServlet] in context with path [] threw exception [Request processing failed: java.lang.RuntimeException: User not found] with root cause

java.lang.RuntimeException: User not found
	at com.example.service.studying.LessonService.lambda$createHomework$2(LessonService.java:67) ~[classes/:na]
	at java.base/java.util.Optional.orElseThrow(Optional.java:403) ~[na:na]
	at com.example.service.studying.LessonService.createHomework(LessonService.java:67) ~[classes/:na]
	at com.example.service.studying.LessonService$$SpringCGLIB$$1.invoke(<generated>) ~[classes/:na]
	at org.springframework.cglib.proxy.MethodProxy.invoke(MethodProxy.java:231) ~[spring-core-6.0.12.jar:6.0.12]
	at org.springframework.aop.framework.CglibAopProxy$CglibMethodInvocation.invokeJoinpoint(CglibAopProxy.java:793) ~[spring-aop-5.3.20.jar:5.3.20]
	at org.springframework.aop.framework.ReflectiveMethodInvocation.proceed(ReflectiveMethodInvocation.java:163) ~[spring-aop-5.3.20.jar:5.3.20]
	at org.springframework.aop.framework.CglibAopProxy$CglibMethodInvocation.proceed(CglibAopProxy.java:763) ~[spring-aop-5.3.20.jar:5.3.20]
	at org.springframework.transaction.interceptor.TransactionInterceptor$1.proceedWithInvocation(TransactionInterceptor.java:123) ~[spring-tx-6.0.12.jar:6.0.12]
	at org.springframework.transaction.interceptor.TransactionAspectSupport.invokeWithinTransaction(TransactionAspectSupport.java:391) ~[spring-tx-6.0.12.jar:6.0.12]
	at org.springframework.transaction.interceptor.TransactionInterceptor.invoke(TransactionInterceptor.java:119) ~[spring-tx-6.0.12.jar:6.0.12]
	at org.springframework.aop.framework.ReflectiveMethodInvocation.proceed(ReflectiveMethodInvocation.java:186) ~[spring-aop-5.3.20.jar:5.3.20]
	at org.springframework.aop.framework.CglibAopProxy$CglibMethodInvocation.proceed(CglibAopProxy.java:763) ~[spring-aop-5.3.20.jar:5.3.20]
	at org.springframework.aop.framework.CglibAopProxy$DynamicAdvisedInterceptor.intercept(CglibAopProxy.java:708) ~[spring-aop-5.3.20.jar:5.3.20]
	at com.example.service.studying.LessonService$$SpringCGLIB$$0.createHomework(<generated>) ~[classes/:na]
	at com.example.controller.course.LessonController.createHomework(LessonController.java:53) ~[classes/:na]
	at java.base/jdk.internal.reflect.DirectMethodHandleAccessor.invoke(DirectMethodHandleAccessor.java:103) ~[na:na]
	at java.base/java.lang.reflect.Method.invoke(Method.java:580) ~[na:na]
	at org.springframework.web.method.support.InvocableHandlerMethod.doInvoke(InvocableHandlerMethod.java:205) ~[spring-web-6.0.12.jar:6.0.12]
	at org.springframework.web.method.support.InvocableHandlerMethod.invokeForRequest(InvocableHandlerMethod.java:150) ~[spring-web-6.0.12.jar:6.0.12]
	at org.springframework.web.servlet.mvc.method.annotation.ServletInvocableHandlerMethod.invokeAndHandle(ServletInvocableHandlerMethod.java:118) ~[spring-webmvc-6.0.12.jar:6.0.12]
	at org.springframework.web.servlet.mvc.method.annotation.RequestMappingHandlerAdapter.invokeHandlerMethod(RequestMappingHandlerAdapter.java:884) ~[spring-webmvc-6.0.12.jar:6.0.12]
	at org.springframework.web.servlet.mvc.method.annotation.RequestMappingHandlerAdapter.handleInternal(RequestMappingHandlerAdapter.java:797) ~[spring-webmvc-6.0.12.jar:6.0.12]
	at org.springframework.web.servlet.mvc.method.AbstractHandlerMethodAdapter.handle(AbstractHandlerMethodAdapter.java:87) ~[spring-webmvc-6.0.12.jar:6.0.12]
	at org.springframework.web.servlet.DispatcherServlet.doDispatch(DispatcherServlet.java:1081) ~[spring-webmvc-6.0.12.jar:6.0.12]
	at org.springframework.web.servlet.DispatcherServlet.doService(DispatcherServlet.java:974) ~[spring-webmvc-6.0.12.jar:6.0.12]
	at org.springframework.web.servlet.FrameworkServlet.processRequest(FrameworkServlet.java:1011) ~[spring-webmvc-6.0.12.jar:6.0.12]
	at org.springframework.web.servlet.FrameworkServlet.doPost(FrameworkServlet.java:914) ~[spring-webmvc-6.0.12.jar:6.0.12]
	at jakarta.servlet.http.HttpServlet.service(HttpServlet.java:590) ~[tomcat-embed-core-10.1.13.jar:6.0]
	at org.springframework.web.servlet.FrameworkServlet.service(FrameworkServlet.java:885) ~[spring-webmvc-6.0.12.jar:6.0.12]
	at jakarta.servlet.http.HttpServlet.service(HttpServlet.java:658) ~[tomcat-embed-core-10.1.13.jar:6.0]
	at org.apache.catalina.core.ApplicationFilterChain.internalDoFilter(ApplicationFilterChain.java:205) ~[tomcat-embed-core-10.1.13.jar:10.1.13]
	at org.apache.catalina.core.ApplicationFilterChain.doFilter(ApplicationFilterChain.java:149) ~[tomcat-embed-core-10.1.13.jar:10.1.13]
	at org.apache.tomcat.websocket.server.WsFilter.doFilter(WsFilter.java:51) ~[tomcat-embed-websocket-10.1.13.jar:10.1.13]
	at org.apache.catalina.core.ApplicationFilterChain.internalDoFilter(ApplicationFilterChain.java:174) ~[tomcat-embed-core-10.1.13.jar:10.1.13]
	at org.apache.catalina.core.ApplicationFilterChain.doFilter(ApplicationFilterChain.java:149) ~[tomcat-embed-core-10.1.13.jar:10.1.13]
	at org.springframework.web.filter.OncePerRequestFilter.doFilter(OncePerRequestFilter.java:110) ~[spring-web-6.0.12.jar:6.0.12]
	at org.apache.catalina.core.ApplicationFilterChain.internalDoFilter(ApplicationFilterChain.java:174) ~[tomcat-embed-core-10.1.13.jar:10.1.13]
	at org.apache.catalina.core.ApplicationFilterChain.doFilter(ApplicationFilterChain.java:149) ~[tomcat-embed-core-10.1.13.jar:10.1.13]
	at org.springframework.security.web.FilterChainProxy.lambda$doFilterInternal$3(FilterChainProxy.java:231) ~[spring-security-web-6.1.4.jar:6.1.4]
	at org.springframework.security.web.FilterChainProxy$VirtualFilterChain.doFilter(FilterChainProxy.java:365) ~[spring-security-web-6.1.4.jar:6.1.4]
	at org.springframework.security.web.access.intercept.AuthorizationFilter.doFilter(AuthorizationFilter.java:100) ~[spring-security-web-6.1.4.jar:6.1.4]
	at org.springframework.security.web.FilterChainProxy$VirtualFilterChain.doFilter(FilterChainProxy.java:374) ~[spring-security-web-6.1.4.jar:6.1.4]
	at org.springframework.security.web.access.ExceptionTranslationFilter.doFilter(ExceptionTranslationFilter.java:126) ~[spring-security-web-6.1.4.jar:6.1.4]
	at org.springframework.security.web.access.ExceptionTranslationFilter.doFilter(ExceptionTranslationFilter.java:120) ~[spring-security-web-6.1.4.jar:6.1.4]
	at org.springframework.security.web.FilterChainProxy$VirtualFilterChain.doFilter(FilterChainProxy.java:374) ~[spring-security-web-6.1.4.jar:6.1.4]
	at org.springframework.security.web.authentication.AnonymousAuthenticationFilter.doFilter(AnonymousAuthenticationFilter.java:100) ~[spring-security-web-6.1.4.jar:6.1.4]
	at org.springframework.security.web.FilterChainProxy$VirtualFilterChain.doFilter(FilterChainProxy.java:374) ~[spring-security-web-6.1.4.jar:6.1.4]
	at org.springframework.security.web.servletapi.SecurityContextHolderAwareRequestFilter.doFilter(SecurityContextHolderAwareRequestFilter.java:179) ~[spring-security-web-6.1.4.jar:6.1.4]
	at org.springframework.security.web.FilterChainProxy$VirtualFilterChain.doFilter(FilterChainProxy.java:374) ~[spring-security-web-6.1.4.jar:6.1.4]
	at org.springframework.security.web.savedrequest.RequestCacheAwareFilter.doFilter(RequestCacheAwareFilter.java:63) ~[spring-security-web-6.1.4.jar:6.1.4]
	at org.springframework.security.web.FilterChainProxy$VirtualFilterChain.doFilter(FilterChainProxy.java:374) ~[spring-security-web-6.1.4.jar:6.1.4]
	at com.example.security.jwt.JwtAuthenticationFilter.doFilterInternal(JwtAuthenticationFilter.java:54) ~[classes/:na]
	at org.springframework.web.filter.OncePerRequestFilter.doFilter(OncePerRequestFilter.java:116) ~[spring-web-6.0.12.jar:6.0.12]
	at org.springframework.security.web.FilterChainProxy$VirtualFilterChain.doFilter(FilterChainProxy.java:374) ~[spring-security-web-6.1.4.jar:6.1.4]
	at org.springframework.security.web.authentication.logout.LogoutFilter.doFilter(LogoutFilter.java:107) ~[spring-security-web-6.1.4.jar:6.1.4]
	at org.springframework.security.web.authentication.logout.LogoutFilter.doFilter(LogoutFilter.java:93) ~[spring-security-web-6.1.4.jar:6.1.4]
	at org.springframework.security.web.FilterChainProxy$VirtualFilterChain.doFilter(FilterChainProxy.java:374) ~[spring-security-web-6.1.4.jar:6.1.4]
	at org.springframework.security.web.header.HeaderWriterFilter.doHeadersAfter(HeaderWriterFilter.java:90) ~[spring-security-web-6.1.4.jar:6.1.4]
	at org.springframework.security.web.header.HeaderWriterFilter.doFilterInternal(HeaderWriterFilter.java:75) ~[spring-security-web-6.1.4.jar:6.1.4]
	at org.springframework.web.filter.OncePerRequestFilter.doFilter(OncePerRequestFilter.java:116) ~[spring-web-6.0.12.jar:6.0.12]
	at org.springframework.security.web.FilterChainProxy$VirtualFilterChain.doFilter(FilterChainProxy.java:374) ~[spring-security-web-6.1.4.jar:6.1.4]
	at org.springframework.security.web.context.SecurityContextHolderFilter.doFilter(SecurityContextHolderFilter.java:82) ~[spring-security-web-6.1.4.jar:6.1.4]
	at org.springframework.security.web.context.SecurityContextHolderFilter.doFilter(SecurityContextHolderFilter.java:69) ~[spring-security-web-6.1.4.jar:6.1.4]
	at org.springframework.security.web.FilterChainProxy$VirtualFilterChain.doFilter(FilterChainProxy.java:374) ~[spring-security-web-6.1.4.jar:6.1.4]
	at org.springframework.security.web.context.request.async.WebAsyncManagerIntegrationFilter.doFilterInternal(WebAsyncManagerIntegrationFilter.java:62) ~[spring-security-web-6.1.4.jar:6.1.4]
	at org.springframework.web.filter.OncePerRequestFilter.doFilter(OncePerRequestFilter.java:116) ~[spring-web-6.0.12.jar:6.0.12]
	at org.springframework.security.web.FilterChainProxy$VirtualFilterChain.doFilter(FilterChainProxy.java:374) ~[spring-security-web-6.1.4.jar:6.1.4]
	at org.springframework.security.web.session.DisableEncodeUrlFilter.doFilterInternal(DisableEncodeUrlFilter.java:42) ~[spring-security-web-6.1.4.jar:6.1.4]
	at org.springframework.web.filter.OncePerRequestFilter.doFilter(OncePerRequestFilter.java:116) ~[spring-web-6.0.12.jar:6.0.12]
	at org.springframework.security.web.FilterChainProxy$VirtualFilterChain.doFilter(FilterChainProxy.java:374) ~[spring-security-web-6.1.4.jar:6.1.4]
	at org.springframework.security.web.FilterChainProxy.doFilterInternal(FilterChainProxy.java:233) ~[spring-security-web-6.1.4.jar:6.1.4]
	at org.springframework.security.web.FilterChainProxy.doFilter(FilterChainProxy.java:191) ~[spring-security-web-6.1.4.jar:6.1.4]
	at org.springframework.web.filter.DelegatingFilterProxy.invokeDelegate(DelegatingFilterProxy.java:352) ~[spring-web-6.0.12.jar:6.0.12]
	at org.springframework.web.filter.DelegatingFilterProxy.doFilter(DelegatingFilterProxy.java:268) ~[spring-web-6.0.12.jar:6.0.12]
	at org.apache.catalina.core.ApplicationFilterChain.internalDoFilter(ApplicationFilterChain.java:174) ~[tomcat-embed-core-10.1.13.jar:10.1.13]
	at org.apache.catalina.core.ApplicationFilterChain.doFilter(ApplicationFilterChain.java:149) ~[tomcat-embed-core-10.1.13.jar:10.1.13]
	at org.springframework.web.filter.CharacterEncodingFilter.doFilterInternal(CharacterEncodingFilter.java:201) ~[spring-web-6.0.12.jar:6.0.12]
	at org.springframework.web.filter.OncePerRequestFilter.doFilter(OncePerRequestFilter.java:116) ~[spring-web-6.0.12.jar:6.0.12]
	at org.apache.catalina.core.ApplicationFilterChain.internalDoFilter(ApplicationFilterChain.java:174) ~[tomcat-embed-core-10.1.13.jar:10.1.13]
	at org.apache.catalina.core.ApplicationFilterChain.doFilter(ApplicationFilterChain.java:149) ~[tomcat-embed-core-10.1.13.jar:10.1.13]
	at org.apache.catalina.core.StandardWrapperValve.invoke(StandardWrapperValve.java:167) ~[tomcat-embed-core-10.1.13.jar:10.1.13]
	at org.apache.catalina.core.StandardContextValve.invoke(StandardContextValve.java:90) ~[tomcat-embed-core-10.1.13.jar:10.1.13]
	at org.apache.catalina.authenticator.AuthenticatorBase.invoke(AuthenticatorBase.java:482) ~[tomcat-embed-core-10.1.13.jar:10.1.13]
	at org.apache.catalina.core.StandardHostValve.invoke(StandardHostValve.java:115) ~[tomcat-embed-core-10.1.13.jar:10.1.13]
	at org.apache.catalina.valves.ErrorReportValve.invoke(ErrorReportValve.java:93) ~[tomcat-embed-core-10.1.13.jar:10.1.13]
	at org.apache.catalina.core.StandardEngineValve.invoke(StandardEngineValve.java:74) ~[tomcat-embed-core-10.1.13.jar:10.1.13]
	at org.apache.catalina.connector.CoyoteAdapter.service(CoyoteAdapter.java:341) ~[tomcat-embed-core-10.1.13.jar:10.1.13]
	at org.apache.coyote.http11.Http11Processor.service(Http11Processor.java:391) ~[tomcat-embed-core-10.1.13.jar:10.1.13]
	at org.apache.coyote.AbstractProcessorLight.process(AbstractProcessorLight.java:63) ~[tomcat-embed-core-10.1.13.jar:10.1.13]
	at org.apache.coyote.AbstractProtocol$ConnectionHandler.process(AbstractProtocol.java:894) ~[tomcat-embed-core-10.1.13.jar:10.1.13]
	at org.apache.tomcat.util.net.NioEndpoint$SocketProcessor.doRun(NioEndpoint.java:1740) ~[tomcat-embed-core-10.1.13.jar:10.1.13]
	at org.apache.tomcat.util.net.SocketProcessorBase.run(SocketProcessorBase.java:52) ~[tomcat-embed-core-10.1.13.jar:10.1.13]
	at org.apache.tomcat.util.threads.ThreadPoolExecutor.runWorker(ThreadPoolExecutor.java:1191) ~[tomcat-embed-core-10.1.13.jar:10.1.13]
	at org.apache.tomcat.util.threads.ThreadPoolExecutor$Worker.run(ThreadPoolExecutor.java:659) ~[tomcat-embed-core-10.1.13.jar:10.1.13]
	at org.apache.tomcat.util.threads.TaskThread$WrappingRunnable.run(TaskThread.java:61) ~[tomcat-embed-core-10.1.13.jar:10.1.13]
	at java.base/java.lang.Thread.run(Thread.java:1583) ~[na:na]

2025-03-25T10:19:41.902+02:00 DEBUG 15932 --- [http-nio-8080-exec-3] o.s.security.web.FilterChainProxy        : Securing POST /error
2025-03-25T10:19:41.905+02:00 DEBUG 15932 --- [http-nio-8080-exec-3] o.s.s.w.a.AnonymousAuthenticationFilter  : Set SecurityContextHolder to anonymous SecurityContext
2025-03-25T10:19:41.908+02:00 DEBUG 15932 --- [http-nio-8080-exec-3] o.s.s.w.s.HttpSessionRequestCache        : Saved request http://localhost:8080/error?continue to session
2025-03-25T10:19:41.909+02:00 DEBUG 15932 --- [http-nio-8080-exec-3] o.s.s.w.a.Http403ForbiddenEntryPoint     : Pre-authenticated entry point called. Rejecting access
2025-03-25T10:19:55.488+02:00 DEBUG 15932 --- [http-nio-8080-exec-4] o.s.security.web.FilterChainProxy        : Securing POST /api/lessons/1/homework
2025-03-25T10:19:55.506+02:00 DEBUG 15932 --- [http-nio-8080-exec-4] o.s.security.web.FilterChainProxy        : Secured POST /api/lessons/1/homework
2025-03-25T10:20:20.371+02:00 DEBUG 15932 --- [http-nio-8080-exec-5] o.s.security.web.FilterChainProxy        : Securing PUT /api/lessons/1/homework/1/grade
2025-03-25T10:20:20.374+02:00 DEBUG 15932 --- [http-nio-8080-exec-5] o.s.s.w.a.AnonymousAuthenticationFilter  : Set SecurityContextHolder to anonymous SecurityContext
2025-03-25T10:20:20.375+02:00 DEBUG 15932 --- [http-nio-8080-exec-5] o.s.s.w.s.HttpSessionRequestCache        : Saved request http://localhost:8080/api/lessons/1/homework/1/grade?continue to session
2025-03-25T10:20:20.375+02:00 DEBUG 15932 --- [http-nio-8080-exec-5] o.s.s.w.a.Http403ForbiddenEntryPoint     : Pre-authenticated entry point called. Rejecting access
2025-03-25T10:20:20.376+02:00 DEBUG 15932 --- [http-nio-8080-exec-5] o.s.security.web.FilterChainProxy        : Securing PUT /error
2025-03-25T10:20:20.378+02:00 DEBUG 15932 --- [http-nio-8080-exec-5] o.s.s.w.a.AnonymousAuthenticationFilter  : Set SecurityContextHolder to anonymous SecurityContext
2025-03-25T10:20:20.378+02:00 DEBUG 15932 --- [http-nio-8080-exec-5] o.s.s.w.s.HttpSessionRequestCache        : Saved request http://localhost:8080/error?continue to session
2025-03-25T10:20:20.379+02:00 DEBUG 15932 --- [http-nio-8080-exec-5] o.s.s.w.a.Http403ForbiddenEntryPoint     : Pre-authenticated entry point called. Rejecting access
2025-03-25T10:23:25.192+02:00 DEBUG 15932 --- [http-nio-8080-exec-8] o.s.security.web.FilterChainProxy        : Securing PUT /api/lessons/1/homework/1/grade
2025-03-25T10:23:25.208+02:00 DEBUG 15932 --- [http-nio-8080-exec-8] o.s.security.web.FilterChainProxy        : Secured PUT /api/lessons/1/homework/1/grade
2025-03-25T10:23:37.350+02:00 DEBUG 15932 --- [http-nio-8080-exec-9] o.s.security.web.FilterChainProxy        : Securing PUT /api/lessons/1/homework/1/comment?comment=Great%20work!
2025-03-25T10:23:37.375+02:00 DEBUG 15932 --- [http-nio-8080-exec-9] o.s.security.web.FilterChainProxy        : Secured PUT /api/lessons/1/homework/1/comment?comment=Great%20work!
2025-03-25T10:23:49.662+02:00 DEBUG 15932 --- [http-nio-8080-exec-10] o.s.security.web.FilterChainProxy        : Securing GET /api/lessons/1/homeworks
2025-03-25T10:23:49.679+02:00 DEBUG 15932 --- [http-nio-8080-exec-10] o.s.security.web.FilterChainProxy        : Secured GET /api/lessons/1/homeworks
2025-03-25T10:24:08.241+02:00 DEBUG 15932 --- [http-nio-8080-exec-1] o.s.security.web.FilterChainProxy        : Securing GET /api/lessons/1/homework/1/grades
2025-03-25T10:24:08.256+02:00 DEBUG 15932 --- [http-nio-8080-exec-1] o.s.security.web.FilterChainProxy        : Secured GET /api/lessons/1/homework/1/grades
2025-03-25T10:26:06.703+02:00  INFO 15932 --- [org.springframework.amqp.rabbit.RabbitListenerEndpointContainer#0-2] o.s.a.r.l.SimpleMessageListenerContainer : Waiting for workers to finish.
2025-03-25T10:26:07.697+02:00  INFO 15932 --- [org.springframework.amqp.rabbit.RabbitListenerEndpointContainer#0-2] o.s.a.r.l.SimpleMessageListenerContainer : Successfully waited for workers to finish.
2025-03-25T10:26:07.716+02:00  INFO 15932 --- [SpringApplicationShutdownHook] o.s.i.endpoint.EventDrivenConsumer       : Removing {logging-channel-adapter:_org.springframework.integration.errorLogger} as a subscriber to the 'errorChannel' channel
2025-03-25T10:26:07.717+02:00  INFO 15932 --- [SpringApplicationShutdownHook] o.s.i.channel.PublishSubscribeChannel    : Channel 'application.errorChannel' has 0 subscriber(s).
2025-03-25T10:26:07.717+02:00  INFO 15932 --- [SpringApplicationShutdownHook] o.s.i.endpoint.EventDrivenConsumer       : stopped bean '_org.springframework.integration.errorLogger'
2025-03-25T10:26:07.721+02:00  INFO 15932 --- [SpringApplicationShutdownHook] j.LocalContainerEntityManagerFactoryBean : Closing JPA EntityManagerFactory for persistence unit 'default'
2025-03-25T10:26:07.724+02:00  INFO 15932 --- [SpringApplicationShutdownHook] com.zaxxer.hikari.HikariDataSource       : HikariPool-1 - Shutdown initiated...
2025-03-25T10:26:07.734+02:00  INFO 15932 --- [SpringApplicationShutdownHook] com.zaxxer.hikari.HikariDataSource       : HikariPool-1 - Shutdown completed.
2025-03-25T10:26:11.652+02:00  INFO 4208 --- [restartedMain] com.example.DemoApplication              : Starting DemoApplication using Java 21.0.2 with PID 4208 (C:\Users\Швец Jr\IdeaProjects\JavaProWithMaven-2\target\classes started by Швец Jr in C:\Users\Швец Jr\IdeaProjects\JavaProWithMaven-2)
2025-03-25T10:26:11.654+02:00  INFO 4208 --- [restartedMain] com.example.DemoApplication              : The following 1 profile is active: "dev"
2025-03-25T10:26:11.723+02:00  INFO 4208 --- [restartedMain] .e.DevToolsPropertyDefaultsPostProcessor : Devtools property defaults active! Set 'spring.devtools.add-properties' to 'false' to disable
2025-03-25T10:26:11.723+02:00  INFO 4208 --- [restartedMain] .e.DevToolsPropertyDefaultsPostProcessor : For additional web related logging consider setting the 'logging.level.web' property to 'DEBUG'
2025-03-25T10:26:12.354+02:00  INFO 4208 --- [restartedMain] .s.d.r.c.RepositoryConfigurationDelegate : Bootstrapping Spring Data JPA repositories in DEFAULT mode.
2025-03-25T10:26:12.511+02:00  INFO 4208 --- [restartedMain] .s.d.r.c.RepositoryConfigurationDelegate : Finished Spring Data repository scanning in 148 ms. Found 10 JPA repository interfaces.
2025-03-25T10:26:12.933+02:00  INFO 4208 --- [restartedMain] faultConfiguringBeanFactoryPostProcessor : No bean named 'errorChannel' has been explicitly defined. Therefore, a default PublishSubscribeChannel will be created.
2025-03-25T10:26:12.941+02:00  INFO 4208 --- [restartedMain] faultConfiguringBeanFactoryPostProcessor : No bean named 'integrationHeaderChannelRegistry' has been explicitly defined. Therefore, a default DefaultHeaderChannelRegistry will be created.
2025-03-25T10:26:13.703+02:00  INFO 4208 --- [restartedMain] o.s.b.w.embedded.tomcat.TomcatWebServer  : Tomcat initialized with port(s): 8080 (http)
2025-03-25T10:26:13.713+02:00  INFO 4208 --- [restartedMain] o.apache.catalina.core.StandardService   : Starting service [Tomcat]
2025-03-25T10:26:13.713+02:00  INFO 4208 --- [restartedMain] o.apache.catalina.core.StandardEngine    : Starting Servlet engine: [Apache Tomcat/10.1.13]
2025-03-25T10:26:13.776+02:00  INFO 4208 --- [restartedMain] o.a.c.c.C.[Tomcat].[localhost].[/]       : Initializing Spring embedded WebApplicationContext
2025-03-25T10:26:13.776+02:00  INFO 4208 --- [restartedMain] w.s.c.ServletWebServerApplicationContext : Root WebApplicationContext: initialization completed in 2053 ms
2025-03-25T10:26:13.901+02:00  INFO 4208 --- [restartedMain] o.hibernate.jpa.internal.util.LogHelper  : HHH000204: Processing PersistenceUnitInfo [name: default]
2025-03-25T10:26:13.959+02:00  INFO 4208 --- [restartedMain] org.hibernate.Version                    : HHH000412: Hibernate ORM core version 6.2.9.Final
2025-03-25T10:26:13.963+02:00  INFO 4208 --- [restartedMain] org.hibernate.cfg.Environment            : HHH000406: Using bytecode reflection optimizer
2025-03-25T10:26:14.160+02:00  INFO 4208 --- [restartedMain] o.h.b.i.BytecodeProviderInitiator        : HHH000021: Bytecode provider name : bytebuddy
2025-03-25T10:26:14.317+02:00  INFO 4208 --- [restartedMain] o.s.o.j.p.SpringPersistenceUnitInfo      : No LoadTimeWeaver setup: ignoring JPA class transformer
2025-03-25T10:26:14.337+02:00  INFO 4208 --- [restartedMain] com.zaxxer.hikari.HikariDataSource       : HikariPool-1 - Starting...
2025-03-25T10:26:14.770+02:00  INFO 4208 --- [restartedMain] com.zaxxer.hikari.pool.HikariPool        : HikariPool-1 - Added connection com.mysql.cj.jdbc.ConnectionImpl@51452479
2025-03-25T10:26:14.774+02:00  INFO 4208 --- [restartedMain] com.zaxxer.hikari.HikariDataSource       : HikariPool-1 - Start completed.
2025-03-25T10:26:15.158+02:00  INFO 4208 --- [restartedMain] o.h.b.i.BytecodeProviderInitiator        : HHH000021: Bytecode provider name : bytebuddy
2025-03-25T10:26:15.824+02:00  INFO 4208 --- [restartedMain] o.h.e.t.j.p.i.JtaPlatformInitiator       : HHH000490: Using JtaPlatform implementation: [org.hibernate.engine.transaction.jta.platform.internal.NoJtaPlatform]
2025-03-25T10:26:15.987+02:00  INFO 4208 --- [restartedMain] j.LocalContainerEntityManagerFactoryBean : Initialized JPA EntityManagerFactory for persistence unit 'default'
2025-03-25T10:26:18.035+02:00  WARN 4208 --- [restartedMain] JpaBaseConfiguration$JpaWebConfiguration : spring.jpa.open-in-view is enabled by default. Therefore, database queries may be performed during view rendering. Explicitly configure spring.jpa.open-in-view to disable this warning
2025-03-25T10:26:18.380+02:00  INFO 4208 --- [restartedMain] o.s.s.web.DefaultSecurityFilterChain     : Will secure any request with [org.springframework.security.web.session.DisableEncodeUrlFilter@7382b70a, org.springframework.security.web.context.request.async.WebAsyncManagerIntegrationFilter@74ce7185, org.springframework.security.web.context.SecurityContextHolderFilter@2cfcf931, org.springframework.security.web.header.HeaderWriterFilter@56c614ed, org.springframework.security.web.authentication.logout.LogoutFilter@36d1a863, com.example.security.jwt.JwtAuthenticationFilter@4d4f22c5, org.springframework.security.web.savedrequest.RequestCacheAwareFilter@2378e289, org.springframework.security.web.servletapi.SecurityContextHolderAwareRequestFilter@7b361706, org.springframework.security.web.authentication.AnonymousAuthenticationFilter@1cc5b237, org.springframework.security.web.access.ExceptionTranslationFilter@3add3ca2, org.springframework.security.web.access.intercept.AuthorizationFilter@70d30605]
2025-03-25T10:26:19.002+02:00  INFO 4208 --- [restartedMain] o.s.b.d.a.OptionalLiveReloadServer       : LiveReload server is running on port 35729
2025-03-25T10:26:19.230+02:00  INFO 4208 --- [restartedMain] o.s.i.endpoint.EventDrivenConsumer       : Adding {logging-channel-adapter:_org.springframework.integration.errorLogger} as a subscriber to the 'errorChannel' channel
2025-03-25T10:26:19.231+02:00  INFO 4208 --- [restartedMain] o.s.i.channel.PublishSubscribeChannel    : Channel 'application.errorChannel' has 1 subscriber(s).
2025-03-25T10:26:19.232+02:00  INFO 4208 --- [restartedMain] o.s.i.endpoint.EventDrivenConsumer       : started bean '_org.springframework.integration.errorLogger'
2025-03-25T10:26:19.264+02:00  INFO 4208 --- [restartedMain] o.s.b.w.embedded.tomcat.TomcatWebServer  : Tomcat started on port(s): 8080 (http) with context path ''
2025-03-25T10:26:19.271+02:00  INFO 4208 --- [restartedMain] o.s.a.r.c.CachingConnectionFactory       : Attempting to connect to: [localhost:5672]
2025-03-25T10:26:19.344+02:00  INFO 4208 --- [restartedMain] o.s.a.r.c.CachingConnectionFactory       : Created new connection: rabbitConnectionFactory#57f10041:0/SimpleConnection@10b8d387 [delegate=amqp://guest@127.0.0.1:5672/, localPort=52765]
2025-03-25T10:26:19.423+02:00  INFO 4208 --- [restartedMain] com.example.DemoApplication              : Started DemoApplication in 8.242 seconds (process running for 8.776)
2025-03-25T10:26:33.555+02:00  INFO 4208 --- [http-nio-8080-exec-2] o.a.c.c.C.[Tomcat].[localhost].[/]       : Initializing Spring DispatcherServlet 'dispatcherServlet'
2025-03-25T10:26:33.556+02:00  INFO 4208 --- [http-nio-8080-exec-2] o.s.web.servlet.DispatcherServlet        : Initializing Servlet 'dispatcherServlet'
2025-03-25T10:26:33.558+02:00  INFO 4208 --- [http-nio-8080-exec-2] o.s.web.servlet.DispatcherServlet        : Completed initialization in 2 ms
2025-03-25T10:26:33.567+02:00 DEBUG 4208 --- [http-nio-8080-exec-2] o.s.security.web.FilterChainProxy        : Securing POST /api/lessons/1/homework
2025-03-25T10:26:34.016+02:00 DEBUG 4208 --- [http-nio-8080-exec-2] o.s.security.web.FilterChainProxy        : Secured POST /api/lessons/1/homework
2025-03-25T10:26:48.221+02:00 DEBUG 4208 --- [http-nio-8080-exec-3] o.s.security.web.FilterChainProxy        : Securing PUT /api/lessons/1/homework/2/grade
2025-03-25T10:26:48.247+02:00 DEBUG 4208 --- [http-nio-8080-exec-3] o.s.security.web.FilterChainProxy        : Secured PUT /api/lessons/1/homework/2/grade
2025-03-25T10:26:54.470+02:00 DEBUG 4208 --- [http-nio-8080-exec-4] o.s.security.web.FilterChainProxy        : Securing PUT /api/lessons/1/homework/2/comment?comment=Great%20work!
2025-03-25T10:26:54.509+02:00 DEBUG 4208 --- [http-nio-8080-exec-4] o.s.security.web.FilterChainProxy        : Secured PUT /api/lessons/1/homework/2/comment?comment=Great%20work!
2025-03-25T10:27:03.616+02:00 DEBUG 4208 --- [http-nio-8080-exec-5] o.s.security.web.FilterChainProxy        : Securing GET /api/lessons/1/homeworks
2025-03-25T10:27:03.638+02:00 DEBUG 4208 --- [http-nio-8080-exec-5] o.s.security.web.FilterChainProxy        : Secured GET /api/lessons/1/homeworks
2025-03-25T10:27:23.158+02:00 DEBUG 4208 --- [http-nio-8080-exec-6] o.s.security.web.FilterChainProxy        : Securing GET /api/lessons/1/homework/2/grades
2025-03-25T10:27:23.178+02:00 DEBUG 4208 --- [http-nio-8080-exec-6] o.s.security.web.FilterChainProxy        : Secured GET /api/lessons/1/homework/2/grades
2025-03-25T10:31:47.600+02:00  INFO 4208 --- [org.springframework.amqp.rabbit.RabbitListenerEndpointContainer#0-2] o.s.a.r.l.SimpleMessageListenerContainer : Waiting for workers to finish.
2025-03-25T10:31:47.967+02:00  INFO 4208 --- [org.springframework.amqp.rabbit.RabbitListenerEndpointContainer#0-2] o.s.a.r.l.SimpleMessageListenerContainer : Successfully waited for workers to finish.
2025-03-25T10:31:47.986+02:00  INFO 4208 --- [SpringApplicationShutdownHook] o.s.i.endpoint.EventDrivenConsumer       : Removing {logging-channel-adapter:_org.springframework.integration.errorLogger} as a subscriber to the 'errorChannel' channel
2025-03-25T10:31:47.987+02:00  INFO 4208 --- [SpringApplicationShutdownHook] o.s.i.channel.PublishSubscribeChannel    : Channel 'application.errorChannel' has 0 subscriber(s).
2025-03-25T10:31:47.987+02:00  INFO 4208 --- [SpringApplicationShutdownHook] o.s.i.endpoint.EventDrivenConsumer       : stopped bean '_org.springframework.integration.errorLogger'
2025-03-25T10:31:47.991+02:00  INFO 4208 --- [SpringApplicationShutdownHook] j.LocalContainerEntityManagerFactoryBean : Closing JPA EntityManagerFactory for persistence unit 'default'
2025-03-25T10:31:47.993+02:00  INFO 4208 --- [SpringApplicationShutdownHook] com.zaxxer.hikari.HikariDataSource       : HikariPool-1 - Shutdown initiated...
2025-03-25T10:31:48.005+02:00  INFO 4208 --- [SpringApplicationShutdownHook] com.zaxxer.hikari.HikariDataSource       : HikariPool-1 - Shutdown completed.
2025-03-25T10:31:51.931+02:00  INFO 16268 --- [restartedMain] com.example.DemoApplication              : Starting DemoApplication using Java 21.0.2 with PID 16268 (C:\Users\Швец Jr\IdeaProjects\JavaProWithMaven-2\target\classes started by Швец Jr in C:\Users\Швец Jr\IdeaProjects\JavaProWithMaven-2)
2025-03-25T10:31:51.932+02:00  INFO 16268 --- [restartedMain] com.example.DemoApplication              : The following 1 profile is active: "dev"
2025-03-25T10:31:52.003+02:00  INFO 16268 --- [restartedMain] .e.DevToolsPropertyDefaultsPostProcessor : Devtools property defaults active! Set 'spring.devtools.add-properties' to 'false' to disable
2025-03-25T10:31:52.003+02:00  INFO 16268 --- [restartedMain] .e.DevToolsPropertyDefaultsPostProcessor : For additional web related logging consider setting the 'logging.level.web' property to 'DEBUG'
2025-03-25T10:31:52.619+02:00  INFO 16268 --- [restartedMain] .s.d.r.c.RepositoryConfigurationDelegate : Bootstrapping Spring Data JPA repositories in DEFAULT mode.
2025-03-25T10:31:52.770+02:00  INFO 16268 --- [restartedMain] .s.d.r.c.RepositoryConfigurationDelegate : Finished Spring Data repository scanning in 144 ms. Found 10 JPA repository interfaces.
2025-03-25T10:31:53.101+02:00  INFO 16268 --- [restartedMain] faultConfiguringBeanFactoryPostProcessor : No bean named 'errorChannel' has been explicitly defined. Therefore, a default PublishSubscribeChannel will be created.
2025-03-25T10:31:53.107+02:00  INFO 16268 --- [restartedMain] faultConfiguringBeanFactoryPostProcessor : No bean named 'integrationHeaderChannelRegistry' has been explicitly defined. Therefore, a default DefaultHeaderChannelRegistry will be created.
2025-03-25T10:31:53.745+02:00  INFO 16268 --- [restartedMain] o.s.b.w.embedded.tomcat.TomcatWebServer  : Tomcat initialized with port(s): 8080 (http)
2025-03-25T10:31:53.755+02:00  INFO 16268 --- [restartedMain] o.apache.catalina.core.StandardService   : Starting service [Tomcat]
2025-03-25T10:31:53.755+02:00  INFO 16268 --- [restartedMain] o.apache.catalina.core.StandardEngine    : Starting Servlet engine: [Apache Tomcat/10.1.13]
2025-03-25T10:31:53.820+02:00  INFO 16268 --- [restartedMain] o.a.c.c.C.[Tomcat].[localhost].[/]       : Initializing Spring embedded WebApplicationContext
2025-03-25T10:31:53.821+02:00  INFO 16268 --- [restartedMain] w.s.c.ServletWebServerApplicationContext : Root WebApplicationContext: initialization completed in 1816 ms
2025-03-25T10:31:53.948+02:00  INFO 16268 --- [restartedMain] o.hibernate.jpa.internal.util.LogHelper  : HHH000204: Processing PersistenceUnitInfo [name: default]
2025-03-25T10:31:54.010+02:00  INFO 16268 --- [restartedMain] org.hibernate.Version                    : HHH000412: Hibernate ORM core version 6.2.9.Final
2025-03-25T10:31:54.013+02:00  INFO 16268 --- [restartedMain] org.hibernate.cfg.Environment            : HHH000406: Using bytecode reflection optimizer
2025-03-25T10:31:54.154+02:00  INFO 16268 --- [restartedMain] o.h.b.i.BytecodeProviderInitiator        : HHH000021: Bytecode provider name : bytebuddy
2025-03-25T10:31:54.273+02:00  INFO 16268 --- [restartedMain] o.s.o.j.p.SpringPersistenceUnitInfo      : No LoadTimeWeaver setup: ignoring JPA class transformer
2025-03-25T10:31:54.288+02:00  INFO 16268 --- [restartedMain] com.zaxxer.hikari.HikariDataSource       : HikariPool-1 - Starting...
2025-03-25T10:31:54.576+02:00  INFO 16268 --- [restartedMain] com.zaxxer.hikari.pool.HikariPool        : HikariPool-1 - Added connection com.mysql.cj.jdbc.ConnectionImpl@7018d350
2025-03-25T10:31:54.579+02:00  INFO 16268 --- [restartedMain] com.zaxxer.hikari.HikariDataSource       : HikariPool-1 - Start completed.
2025-03-25T10:31:54.914+02:00  INFO 16268 --- [restartedMain] o.h.b.i.BytecodeProviderInitiator        : HHH000021: Bytecode provider name : bytebuddy
2025-03-25T10:31:55.561+02:00  INFO 16268 --- [restartedMain] o.h.e.t.j.p.i.JtaPlatformInitiator       : HHH000490: Using JtaPlatform implementation: [org.hibernate.engine.transaction.jta.platform.internal.NoJtaPlatform]
2025-03-25T10:31:55.695+02:00  INFO 16268 --- [restartedMain] j.LocalContainerEntityManagerFactoryBean : Initialized JPA EntityManagerFactory for persistence unit 'default'
2025-03-25T10:31:57.281+02:00  WARN 16268 --- [restartedMain] JpaBaseConfiguration$JpaWebConfiguration : spring.jpa.open-in-view is enabled by default. Therefore, database queries may be performed during view rendering. Explicitly configure spring.jpa.open-in-view to disable this warning
2025-03-25T10:31:57.589+02:00  INFO 16268 --- [restartedMain] o.s.s.web.DefaultSecurityFilterChain     : Will secure any request with [org.springframework.security.web.session.DisableEncodeUrlFilter@74e74700, org.springframework.security.web.context.request.async.WebAsyncManagerIntegrationFilter@5e218eb6, org.springframework.security.web.context.SecurityContextHolderFilter@e608c0c, org.springframework.security.web.header.HeaderWriterFilter@3eb8f102, org.springframework.security.web.authentication.logout.LogoutFilter@5c3ba908, com.example.security.jwt.JwtAuthenticationFilter@2c9c0551, org.springframework.security.web.savedrequest.RequestCacheAwareFilter@4a7375b3, org.springframework.security.web.servletapi.SecurityContextHolderAwareRequestFilter@67aea0ef, org.springframework.security.web.authentication.AnonymousAuthenticationFilter@3e5374a1, org.springframework.security.web.access.ExceptionTranslationFilter@7ef241d, org.springframework.security.web.access.intercept.AuthorizationFilter@1b0f73a0]
2025-03-25T10:31:58.180+02:00  INFO 16268 --- [restartedMain] o.s.b.d.a.OptionalLiveReloadServer       : LiveReload server is running on port 35729
2025-03-25T10:31:58.352+02:00  INFO 16268 --- [restartedMain] o.s.i.endpoint.EventDrivenConsumer       : Adding {logging-channel-adapter:_org.springframework.integration.errorLogger} as a subscriber to the 'errorChannel' channel
2025-03-25T10:31:58.353+02:00  INFO 16268 --- [restartedMain] o.s.i.channel.PublishSubscribeChannel    : Channel 'application.errorChannel' has 1 subscriber(s).
2025-03-25T10:31:58.354+02:00  INFO 16268 --- [restartedMain] o.s.i.endpoint.EventDrivenConsumer       : started bean '_org.springframework.integration.errorLogger'
2025-03-25T10:31:58.381+02:00  INFO 16268 --- [restartedMain] o.s.b.w.embedded.tomcat.TomcatWebServer  : Tomcat started on port(s): 8080 (http) with context path ''
2025-03-25T10:31:58.388+02:00  INFO 16268 --- [restartedMain] o.s.a.r.c.CachingConnectionFactory       : Attempting to connect to: [localhost:5672]
2025-03-25T10:31:58.459+02:00  INFO 16268 --- [restartedMain] o.s.a.r.c.CachingConnectionFactory       : Created new connection: rabbitConnectionFactory#28a2b437:0/SimpleConnection@c49fe3b [delegate=amqp://guest@127.0.0.1:5672/, localPort=52823]
2025-03-25T10:31:58.534+02:00  INFO 16268 --- [restartedMain] com.example.DemoApplication              : Started DemoApplication in 7.068 seconds (process running for 7.612)
2025-03-25T10:32:05.746+02:00  INFO 16268 --- [http-nio-8080-exec-1] o.a.c.c.C.[Tomcat].[localhost].[/]       : Initializing Spring DispatcherServlet 'dispatcherServlet'
2025-03-25T10:32:05.747+02:00  INFO 16268 --- [http-nio-8080-exec-1] o.s.web.servlet.DispatcherServlet        : Initializing Servlet 'dispatcherServlet'
2025-03-25T10:32:05.749+02:00  INFO 16268 --- [http-nio-8080-exec-1] o.s.web.servlet.DispatcherServlet        : Completed initialization in 2 ms
2025-03-25T10:32:05.757+02:00 DEBUG 16268 --- [http-nio-8080-exec-1] o.s.security.web.FilterChainProxy        : Securing PUT /api/lessons/1/homework/2/grade
2025-03-25T10:32:06.160+02:00 DEBUG 16268 --- [http-nio-8080-exec-1] o.s.security.web.FilterChainProxy        : Secured PUT /api/lessons/1/homework/2/grade
2025-03-25T10:32:11.568+02:00 DEBUG 16268 --- [http-nio-8080-exec-3] o.s.security.web.FilterChainProxy        : Securing PUT /api/lessons/1/homework/2/comment?comment=Great%20work!
2025-03-25T10:32:11.596+02:00 DEBUG 16268 --- [http-nio-8080-exec-3] o.s.security.web.FilterChainProxy        : Secured PUT /api/lessons/1/homework/2/comment?comment=Great%20work!
2025-03-25T10:32:15.167+02:00 DEBUG 16268 --- [http-nio-8080-exec-4] o.s.security.web.FilterChainProxy        : Securing GET /api/lessons/1/homeworks
2025-03-25T10:32:15.189+02:00 DEBUG 16268 --- [http-nio-8080-exec-4] o.s.security.web.FilterChainProxy        : Secured GET /api/lessons/1/homeworks
2025-03-25T10:32:28.190+02:00 DEBUG 16268 --- [http-nio-8080-exec-6] o.s.security.web.FilterChainProxy        : Securing GET /api/lessons/1/homework/2/grades
2025-03-25T10:32:28.213+02:00 DEBUG 16268 --- [http-nio-8080-exec-6] o.s.security.web.FilterChainProxy        : Secured GET /api/lessons/1/homework/2/grades
2025-03-25T10:34:21.792+02:00  INFO 16268 --- [org.springframework.amqp.rabbit.RabbitListenerEndpointContainer#0-2] o.s.a.r.l.SimpleMessageListenerContainer : Waiting for workers to finish.
2025-03-25T10:34:22.638+02:00  INFO 16268 --- [org.springframework.amqp.rabbit.RabbitListenerEndpointContainer#0-2] o.s.a.r.l.SimpleMessageListenerContainer : Successfully waited for workers to finish.
2025-03-25T10:34:22.662+02:00  INFO 16268 --- [SpringApplicationShutdownHook] o.s.i.endpoint.EventDrivenConsumer       : Removing {logging-channel-adapter:_org.springframework.integration.errorLogger} as a subscriber to the 'errorChannel' channel
2025-03-25T10:34:22.663+02:00  INFO 16268 --- [SpringApplicationShutdownHook] o.s.i.channel.PublishSubscribeChannel    : Channel 'application.errorChannel' has 0 subscriber(s).
2025-03-25T10:34:22.663+02:00  INFO 16268 --- [SpringApplicationShutdownHook] o.s.i.endpoint.EventDrivenConsumer       : stopped bean '_org.springframework.integration.errorLogger'
2025-03-25T10:34:22.668+02:00  INFO 16268 --- [SpringApplicationShutdownHook] j.LocalContainerEntityManagerFactoryBean : Closing JPA EntityManagerFactory for persistence unit 'default'
2025-03-25T10:34:22.669+02:00  INFO 16268 --- [SpringApplicationShutdownHook] com.zaxxer.hikari.HikariDataSource       : HikariPool-1 - Shutdown initiated...
2025-03-25T10:34:22.682+02:00  INFO 16268 --- [SpringApplicationShutdownHook] com.zaxxer.hikari.HikariDataSource       : HikariPool-1 - Shutdown completed.
2025-03-25T10:34:24.852+02:00  INFO 8784 --- [restartedMain] com.example.DemoApplication              : Starting DemoApplication using Java 21.0.2 with PID 8784 (C:\Users\Швец Jr\IdeaProjects\JavaProWithMaven-2\target\classes started by Швец Jr in C:\Users\Швец Jr\IdeaProjects\JavaProWithMaven-2)
2025-03-25T10:34:24.855+02:00  INFO 8784 --- [restartedMain] com.example.DemoApplication              : The following 1 profile is active: "dev"
2025-03-25T10:34:24.914+02:00  INFO 8784 --- [restartedMain] .e.DevToolsPropertyDefaultsPostProcessor : Devtools property defaults active! Set 'spring.devtools.add-properties' to 'false' to disable
2025-03-25T10:34:24.914+02:00  INFO 8784 --- [restartedMain] .e.DevToolsPropertyDefaultsPostProcessor : For additional web related logging consider setting the 'logging.level.web' property to 'DEBUG'
2025-03-25T10:34:25.522+02:00  INFO 8784 --- [restartedMain] .s.d.r.c.RepositoryConfigurationDelegate : Bootstrapping Spring Data JPA repositories in DEFAULT mode.
2025-03-25T10:34:25.677+02:00  INFO 8784 --- [restartedMain] .s.d.r.c.RepositoryConfigurationDelegate : Finished Spring Data repository scanning in 147 ms. Found 10 JPA repository interfaces.
2025-03-25T10:34:26.014+02:00  INFO 8784 --- [restartedMain] faultConfiguringBeanFactoryPostProcessor : No bean named 'errorChannel' has been explicitly defined. Therefore, a default PublishSubscribeChannel will be created.
2025-03-25T10:34:26.022+02:00  INFO 8784 --- [restartedMain] faultConfiguringBeanFactoryPostProcessor : No bean named 'integrationHeaderChannelRegistry' has been explicitly defined. Therefore, a default DefaultHeaderChannelRegistry will be created.
2025-03-25T10:34:26.669+02:00  INFO 8784 --- [restartedMain] o.s.b.w.embedded.tomcat.TomcatWebServer  : Tomcat initialized with port(s): 8080 (http)
2025-03-25T10:34:26.678+02:00  INFO 8784 --- [restartedMain] o.apache.catalina.core.StandardService   : Starting service [Tomcat]
2025-03-25T10:34:26.679+02:00  INFO 8784 --- [restartedMain] o.apache.catalina.core.StandardEngine    : Starting Servlet engine: [Apache Tomcat/10.1.13]
2025-03-25T10:34:26.748+02:00  INFO 8784 --- [restartedMain] o.a.c.c.C.[Tomcat].[localhost].[/]       : Initializing Spring embedded WebApplicationContext
2025-03-25T10:34:26.748+02:00  INFO 8784 --- [restartedMain] w.s.c.ServletWebServerApplicationContext : Root WebApplicationContext: initialization completed in 1833 ms
2025-03-25T10:34:26.880+02:00  INFO 8784 --- [restartedMain] o.hibernate.jpa.internal.util.LogHelper  : HHH000204: Processing PersistenceUnitInfo [name: default]
2025-03-25T10:34:26.934+02:00  INFO 8784 --- [restartedMain] org.hibernate.Version                    : HHH000412: Hibernate ORM core version 6.2.9.Final
2025-03-25T10:34:26.937+02:00  INFO 8784 --- [restartedMain] org.hibernate.cfg.Environment            : HHH000406: Using bytecode reflection optimizer
2025-03-25T10:34:27.074+02:00  INFO 8784 --- [restartedMain] o.h.b.i.BytecodeProviderInitiator        : HHH000021: Bytecode provider name : bytebuddy
2025-03-25T10:34:27.192+02:00  INFO 8784 --- [restartedMain] o.s.o.j.p.SpringPersistenceUnitInfo      : No LoadTimeWeaver setup: ignoring JPA class transformer
2025-03-25T10:34:27.207+02:00  INFO 8784 --- [restartedMain] com.zaxxer.hikari.HikariDataSource       : HikariPool-1 - Starting...
2025-03-25T10:34:27.497+02:00  INFO 8784 --- [restartedMain] com.zaxxer.hikari.pool.HikariPool        : HikariPool-1 - Added connection com.mysql.cj.jdbc.ConnectionImpl@31d5d93b
2025-03-25T10:34:27.499+02:00  INFO 8784 --- [restartedMain] com.zaxxer.hikari.HikariDataSource       : HikariPool-1 - Start completed.
2025-03-25T10:34:27.836+02:00  INFO 8784 --- [restartedMain] o.h.b.i.BytecodeProviderInitiator        : HHH000021: Bytecode provider name : bytebuddy
2025-03-25T10:34:28.474+02:00  INFO 8784 --- [restartedMain] o.h.e.t.j.p.i.JtaPlatformInitiator       : HHH000490: Using JtaPlatform implementation: [org.hibernate.engine.transaction.jta.platform.internal.NoJtaPlatform]
2025-03-25T10:34:28.608+02:00  INFO 8784 --- [restartedMain] j.LocalContainerEntityManagerFactoryBean : Initialized JPA EntityManagerFactory for persistence unit 'default'
2025-03-25T10:34:30.323+02:00  WARN 8784 --- [restartedMain] JpaBaseConfiguration$JpaWebConfiguration : spring.jpa.open-in-view is enabled by default. Therefore, database queries may be performed during view rendering. Explicitly configure spring.jpa.open-in-view to disable this warning
2025-03-25T10:34:30.572+02:00  INFO 8784 --- [restartedMain] o.s.s.web.DefaultSecurityFilterChain     : Will secure any request with [org.springframework.security.web.session.DisableEncodeUrlFilter@70791d23, org.springframework.security.web.context.request.async.WebAsyncManagerIntegrationFilter@773c08f0, org.springframework.security.web.context.SecurityContextHolderFilter@a5928af, org.springframework.security.web.header.HeaderWriterFilter@4afbe13f, org.springframework.security.web.authentication.logout.LogoutFilter@707818c2, com.example.security.jwt.JwtAuthenticationFilter@52bd76f2, org.springframework.security.web.savedrequest.RequestCacheAwareFilter@7b361706, org.springframework.security.web.servletapi.SecurityContextHolderAwareRequestFilter@6096b7c8, org.springframework.security.web.authentication.AnonymousAuthenticationFilter@46d9582a, org.springframework.security.web.access.ExceptionTranslationFilter@4bc52f02, org.springframework.security.web.access.intercept.AuthorizationFilter@1cc5b237]
2025-03-25T10:34:31.061+02:00  INFO 8784 --- [restartedMain] o.s.b.d.a.OptionalLiveReloadServer       : LiveReload server is running on port 35729
2025-03-25T10:34:31.200+02:00  INFO 8784 --- [restartedMain] o.s.i.endpoint.EventDrivenConsumer       : Adding {logging-channel-adapter:_org.springframework.integration.errorLogger} as a subscriber to the 'errorChannel' channel
2025-03-25T10:34:31.200+02:00  INFO 8784 --- [restartedMain] o.s.i.channel.PublishSubscribeChannel    : Channel 'application.errorChannel' has 1 subscriber(s).
2025-03-25T10:34:31.201+02:00  INFO 8784 --- [restartedMain] o.s.i.endpoint.EventDrivenConsumer       : started bean '_org.springframework.integration.errorLogger'
2025-03-25T10:34:31.221+02:00  INFO 8784 --- [restartedMain] o.s.b.w.embedded.tomcat.TomcatWebServer  : Tomcat started on port(s): 8080 (http) with context path ''
2025-03-25T10:34:31.227+02:00  INFO 8784 --- [restartedMain] o.s.a.r.c.CachingConnectionFactory       : Attempting to connect to: [localhost:5672]
2025-03-25T10:34:31.275+02:00  INFO 8784 --- [restartedMain] o.s.a.r.c.CachingConnectionFactory       : Created new connection: rabbitConnectionFactory#7777725c:0/SimpleConnection@2ee9efa5 [delegate=amqp://guest@127.0.0.1:5672/, localPort=52866]
2025-03-25T10:34:31.341+02:00  INFO 8784 --- [restartedMain] com.example.DemoApplication              : Started DemoApplication in 6.955 seconds (process running for 7.523)
2025-03-25T10:34:36.198+02:00  INFO 8784 --- [http-nio-8080-exec-1] o.a.c.c.C.[Tomcat].[localhost].[/]       : Initializing Spring DispatcherServlet 'dispatcherServlet'
2025-03-25T10:34:36.198+02:00  INFO 8784 --- [http-nio-8080-exec-1] o.s.web.servlet.DispatcherServlet        : Initializing Servlet 'dispatcherServlet'
2025-03-25T10:34:36.200+02:00  INFO 8784 --- [http-nio-8080-exec-1] o.s.web.servlet.DispatcherServlet        : Completed initialization in 1 ms
2025-03-25T10:35:29.604+02:00  INFO 8784 --- [org.springframework.amqp.rabbit.RabbitListenerEndpointContainer#0-2] o.s.a.r.l.SimpleMessageListenerContainer : Waiting for workers to finish.
2025-03-25T10:35:29.803+02:00  INFO 8784 --- [org.springframework.amqp.rabbit.RabbitListenerEndpointContainer#0-2] o.s.a.r.l.SimpleMessageListenerContainer : Successfully waited for workers to finish.
2025-03-25T10:35:29.825+02:00  INFO 8784 --- [SpringApplicationShutdownHook] o.s.i.endpoint.EventDrivenConsumer       : Removing {logging-channel-adapter:_org.springframework.integration.errorLogger} as a subscriber to the 'errorChannel' channel
2025-03-25T10:35:29.826+02:00  INFO 8784 --- [SpringApplicationShutdownHook] o.s.i.channel.PublishSubscribeChannel    : Channel 'application.errorChannel' has 0 subscriber(s).
2025-03-25T10:35:29.826+02:00  INFO 8784 --- [SpringApplicationShutdownHook] o.s.i.endpoint.EventDrivenConsumer       : stopped bean '_org.springframework.integration.errorLogger'
2025-03-25T10:35:29.841+02:00  INFO 8784 --- [SpringApplicationShutdownHook] j.LocalContainerEntityManagerFactoryBean : Closing JPA EntityManagerFactory for persistence unit 'default'
2025-03-25T10:35:29.843+02:00  INFO 8784 --- [SpringApplicationShutdownHook] com.zaxxer.hikari.HikariDataSource       : HikariPool-1 - Shutdown initiated...
2025-03-25T10:35:29.856+02:00  INFO 8784 --- [SpringApplicationShutdownHook] com.zaxxer.hikari.HikariDataSource       : HikariPool-1 - Shutdown completed.
2025-03-25T10:35:32.105+02:00  INFO 14712 --- [restartedMain] com.example.DemoApplication              : Starting DemoApplication using Java 21.0.2 with PID 14712 (C:\Users\Швец Jr\IdeaProjects\JavaProWithMaven-2\target\classes started by Швец Jr in C:\Users\Швец Jr\IdeaProjects\JavaProWithMaven-2)
2025-03-25T10:35:32.107+02:00  INFO 14712 --- [restartedMain] com.example.DemoApplication              : The following 1 profile is active: "dev"
2025-03-25T10:35:32.174+02:00  INFO 14712 --- [restartedMain] .e.DevToolsPropertyDefaultsPostProcessor : Devtools property defaults active! Set 'spring.devtools.add-properties' to 'false' to disable
2025-03-25T10:35:32.175+02:00  INFO 14712 --- [restartedMain] .e.DevToolsPropertyDefaultsPostProcessor : For additional web related logging consider setting the 'logging.level.web' property to 'DEBUG'
2025-03-25T10:35:32.984+02:00  INFO 14712 --- [restartedMain] .s.d.r.c.RepositoryConfigurationDelegate : Bootstrapping Spring Data JPA repositories in DEFAULT mode.
2025-03-25T10:35:33.151+02:00  INFO 14712 --- [restartedMain] .s.d.r.c.RepositoryConfigurationDelegate : Finished Spring Data repository scanning in 157 ms. Found 10 JPA repository interfaces.
2025-03-25T10:35:33.486+02:00  INFO 14712 --- [restartedMain] faultConfiguringBeanFactoryPostProcessor : No bean named 'errorChannel' has been explicitly defined. Therefore, a default PublishSubscribeChannel will be created.
2025-03-25T10:35:33.494+02:00  INFO 14712 --- [restartedMain] faultConfiguringBeanFactoryPostProcessor : No bean named 'integrationHeaderChannelRegistry' has been explicitly defined. Therefore, a default DefaultHeaderChannelRegistry will be created.
2025-03-25T10:35:34.148+02:00  INFO 14712 --- [restartedMain] o.s.b.w.embedded.tomcat.TomcatWebServer  : Tomcat initialized with port(s): 8080 (http)
2025-03-25T10:35:34.158+02:00  INFO 14712 --- [restartedMain] o.apache.catalina.core.StandardService   : Starting service [Tomcat]
2025-03-25T10:35:34.158+02:00  INFO 14712 --- [restartedMain] o.apache.catalina.core.StandardEngine    : Starting Servlet engine: [Apache Tomcat/10.1.13]
2025-03-25T10:35:34.231+02:00  INFO 14712 --- [restartedMain] o.a.c.c.C.[Tomcat].[localhost].[/]       : Initializing Spring embedded WebApplicationContext
2025-03-25T10:35:34.231+02:00  INFO 14712 --- [restartedMain] w.s.c.ServletWebServerApplicationContext : Root WebApplicationContext: initialization completed in 2056 ms
2025-03-25T10:35:34.357+02:00  INFO 14712 --- [restartedMain] o.hibernate.jpa.internal.util.LogHelper  : HHH000204: Processing PersistenceUnitInfo [name: default]
2025-03-25T10:35:34.418+02:00  INFO 14712 --- [restartedMain] org.hibernate.Version                    : HHH000412: Hibernate ORM core version 6.2.9.Final
2025-03-25T10:35:34.420+02:00  INFO 14712 --- [restartedMain] org.hibernate.cfg.Environment            : HHH000406: Using bytecode reflection optimizer
2025-03-25T10:35:34.563+02:00  INFO 14712 --- [restartedMain] o.h.b.i.BytecodeProviderInitiator        : HHH000021: Bytecode provider name : bytebuddy
2025-03-25T10:35:34.689+02:00  INFO 14712 --- [restartedMain] o.s.o.j.p.SpringPersistenceUnitInfo      : No LoadTimeWeaver setup: ignoring JPA class transformer
2025-03-25T10:35:34.705+02:00  INFO 14712 --- [restartedMain] com.zaxxer.hikari.HikariDataSource       : HikariPool-1 - Starting...
2025-03-25T10:35:35.044+02:00  INFO 14712 --- [restartedMain] com.zaxxer.hikari.pool.HikariPool        : HikariPool-1 - Added connection com.mysql.cj.jdbc.ConnectionImpl@47b3b14
2025-03-25T10:35:35.047+02:00  INFO 14712 --- [restartedMain] com.zaxxer.hikari.HikariDataSource       : HikariPool-1 - Start completed.
2025-03-25T10:35:35.395+02:00  INFO 14712 --- [restartedMain] o.h.b.i.BytecodeProviderInitiator        : HHH000021: Bytecode provider name : bytebuddy
2025-03-25T10:35:36.085+02:00  INFO 14712 --- [restartedMain] o.h.e.t.j.p.i.JtaPlatformInitiator       : HHH000490: Using JtaPlatform implementation: [org.hibernate.engine.transaction.jta.platform.internal.NoJtaPlatform]
2025-03-25T10:35:36.224+02:00  INFO 14712 --- [restartedMain] j.LocalContainerEntityManagerFactoryBean : Initialized JPA EntityManagerFactory for persistence unit 'default'
2025-03-25T10:35:38.119+02:00  WARN 14712 --- [restartedMain] JpaBaseConfiguration$JpaWebConfiguration : spring.jpa.open-in-view is enabled by default. Therefore, database queries may be performed during view rendering. Explicitly configure spring.jpa.open-in-view to disable this warning
2025-03-25T10:35:38.392+02:00  INFO 14712 --- [restartedMain] o.s.s.web.DefaultSecurityFilterChain     : Will secure any request with [org.springframework.security.web.session.DisableEncodeUrlFilter@231d663c, org.springframework.security.web.context.request.async.WebAsyncManagerIntegrationFilter@36d1a863, org.springframework.security.web.context.SecurityContextHolderFilter@4c737718, org.springframework.security.web.header.HeaderWriterFilter@7a2de320, org.springframework.security.web.authentication.logout.LogoutFilter@574fc3ac, com.example.security.jwt.JwtAuthenticationFilter@667511e3, org.springframework.security.web.savedrequest.RequestCacheAwareFilter@14dc85a8, org.springframework.security.web.servletapi.SecurityContextHolderAwareRequestFilter@55a370ac, org.springframework.security.web.authentication.AnonymousAuthenticationFilter@1ab278d4, org.springframework.security.web.access.ExceptionTranslationFilter@5d3a4508, org.springframework.security.web.access.intercept.AuthorizationFilter@2d8039f4]
2025-03-25T10:35:38.936+02:00  INFO 14712 --- [restartedMain] o.s.b.d.a.OptionalLiveReloadServer       : LiveReload server is running on port 35729
2025-03-25T10:35:39.139+02:00  INFO 14712 --- [restartedMain] o.s.i.endpoint.EventDrivenConsumer       : Adding {logging-channel-adapter:_org.springframework.integration.errorLogger} as a subscriber to the 'errorChannel' channel
2025-03-25T10:35:39.140+02:00  INFO 14712 --- [restartedMain] o.s.i.channel.PublishSubscribeChannel    : Channel 'application.errorChannel' has 1 subscriber(s).
2025-03-25T10:35:39.140+02:00  INFO 14712 --- [restartedMain] o.s.i.endpoint.EventDrivenConsumer       : started bean '_org.springframework.integration.errorLogger'
2025-03-25T10:35:39.161+02:00  INFO 14712 --- [restartedMain] o.s.b.w.embedded.tomcat.TomcatWebServer  : Tomcat started on port(s): 8080 (http) with context path ''
2025-03-25T10:35:39.169+02:00  INFO 14712 --- [restartedMain] o.s.a.r.c.CachingConnectionFactory       : Attempting to connect to: [localhost:5672]
2025-03-25T10:35:39.222+02:00  INFO 14712 --- [restartedMain] o.s.a.r.c.CachingConnectionFactory       : Created new connection: rabbitConnectionFactory#410c674c:0/SimpleConnection@2ea82607 [delegate=amqp://guest@127.0.0.1:5672/, localPort=52896]
2025-03-25T10:35:39.281+02:00  INFO 14712 --- [restartedMain] com.example.DemoApplication              : Started DemoApplication in 7.702 seconds (process running for 8.362)
2025-03-25T10:35:43.190+02:00  INFO 14712 --- [http-nio-8080-exec-1] o.a.c.c.C.[Tomcat].[localhost].[/]       : Initializing Spring DispatcherServlet 'dispatcherServlet'
2025-03-25T10:35:43.191+02:00  INFO 14712 --- [http-nio-8080-exec-1] o.s.web.servlet.DispatcherServlet        : Initializing Servlet 'dispatcherServlet'
2025-03-25T10:35:43.194+02:00  INFO 14712 --- [http-nio-8080-exec-1] o.s.web.servlet.DispatcherServlet        : Completed initialization in 3 ms
2025-03-25T10:48:15.306+02:00  INFO 14712 --- [org.springframework.amqp.rabbit.RabbitListenerEndpointContainer#0-2] o.s.a.r.l.SimpleMessageListenerContainer : Waiting for workers to finish.
2025-03-25T10:48:15.509+02:00  INFO 14712 --- [org.springframework.amqp.rabbit.RabbitListenerEndpointContainer#0-2] o.s.a.r.l.SimpleMessageListenerContainer : Successfully waited for workers to finish.
2025-03-25T10:48:15.528+02:00  INFO 14712 --- [SpringApplicationShutdownHook] o.s.i.endpoint.EventDrivenConsumer       : Removing {logging-channel-adapter:_org.springframework.integration.errorLogger} as a subscriber to the 'errorChannel' channel
2025-03-25T10:48:15.528+02:00  INFO 14712 --- [SpringApplicationShutdownHook] o.s.i.channel.PublishSubscribeChannel    : Channel 'application.errorChannel' has 0 subscriber(s).
2025-03-25T10:48:15.528+02:00  INFO 14712 --- [SpringApplicationShutdownHook] o.s.i.endpoint.EventDrivenConsumer       : stopped bean '_org.springframework.integration.errorLogger'
2025-03-25T10:48:15.532+02:00  INFO 14712 --- [SpringApplicationShutdownHook] j.LocalContainerEntityManagerFactoryBean : Closing JPA EntityManagerFactory for persistence unit 'default'
2025-03-25T10:48:15.534+02:00  INFO 14712 --- [SpringApplicationShutdownHook] com.zaxxer.hikari.HikariDataSource       : HikariPool-1 - Shutdown initiated...
2025-03-25T10:48:15.544+02:00  INFO 14712 --- [SpringApplicationShutdownHook] com.zaxxer.hikari.HikariDataSource       : HikariPool-1 - Shutdown completed.
2025-03-25T10:48:19.626+02:00  INFO 14564 --- [restartedMain] com.example.DemoApplication              : Starting DemoApplication using Java 21.0.2 with PID 14564 (C:\Users\Швец Jr\IdeaProjects\JavaProWithMaven-2\target\classes started by Швец Jr in C:\Users\Швец Jr\IdeaProjects\JavaProWithMaven-2)
2025-03-25T10:48:19.629+02:00  INFO 14564 --- [restartedMain] com.example.DemoApplication              : The following 1 profile is active: "dev"
2025-03-25T10:48:19.706+02:00  INFO 14564 --- [restartedMain] .e.DevToolsPropertyDefaultsPostProcessor : Devtools property defaults active! Set 'spring.devtools.add-properties' to 'false' to disable
2025-03-25T10:48:19.707+02:00  INFO 14564 --- [restartedMain] .e.DevToolsPropertyDefaultsPostProcessor : For additional web related logging consider setting the 'logging.level.web' property to 'DEBUG'
2025-03-25T10:48:20.385+02:00  INFO 14564 --- [restartedMain] .s.d.r.c.RepositoryConfigurationDelegate : Bootstrapping Spring Data JPA repositories in DEFAULT mode.
2025-03-25T10:48:20.537+02:00  INFO 14564 --- [restartedMain] .s.d.r.c.RepositoryConfigurationDelegate : Finished Spring Data repository scanning in 144 ms. Found 10 JPA repository interfaces.
2025-03-25T10:48:20.886+02:00  INFO 14564 --- [restartedMain] faultConfiguringBeanFactoryPostProcessor : No bean named 'errorChannel' has been explicitly defined. Therefore, a default PublishSubscribeChannel will be created.
2025-03-25T10:48:20.894+02:00  INFO 14564 --- [restartedMain] faultConfiguringBeanFactoryPostProcessor : No bean named 'integrationHeaderChannelRegistry' has been explicitly defined. Therefore, a default DefaultHeaderChannelRegistry will be created.
2025-03-25T10:48:21.534+02:00  INFO 14564 --- [restartedMain] o.s.b.w.embedded.tomcat.TomcatWebServer  : Tomcat initialized with port(s): 8080 (http)
2025-03-25T10:48:21.544+02:00  INFO 14564 --- [restartedMain] o.apache.catalina.core.StandardService   : Starting service [Tomcat]
2025-03-25T10:48:21.544+02:00  INFO 14564 --- [restartedMain] o.apache.catalina.core.StandardEngine    : Starting Servlet engine: [Apache Tomcat/10.1.13]
2025-03-25T10:48:21.610+02:00  INFO 14564 --- [restartedMain] o.a.c.c.C.[Tomcat].[localhost].[/]       : Initializing Spring embedded WebApplicationContext
2025-03-25T10:48:21.610+02:00  INFO 14564 --- [restartedMain] w.s.c.ServletWebServerApplicationContext : Root WebApplicationContext: initialization completed in 1903 ms
2025-03-25T10:48:21.796+02:00  INFO 14564 --- [restartedMain] o.hibernate.jpa.internal.util.LogHelper  : HHH000204: Processing PersistenceUnitInfo [name: default]
2025-03-25T10:48:21.864+02:00  INFO 14564 --- [restartedMain] org.hibernate.Version                    : HHH000412: Hibernate ORM core version 6.2.9.Final
2025-03-25T10:48:21.867+02:00  INFO 14564 --- [restartedMain] org.hibernate.cfg.Environment            : HHH000406: Using bytecode reflection optimizer
2025-03-25T10:48:22.024+02:00  INFO 14564 --- [restartedMain] o.h.b.i.BytecodeProviderInitiator        : HHH000021: Bytecode provider name : bytebuddy
2025-03-25T10:48:22.165+02:00  INFO 14564 --- [restartedMain] o.s.o.j.p.SpringPersistenceUnitInfo      : No LoadTimeWeaver setup: ignoring JPA class transformer
2025-03-25T10:48:22.179+02:00  INFO 14564 --- [restartedMain] com.zaxxer.hikari.HikariDataSource       : HikariPool-1 - Starting...
2025-03-25T10:48:22.514+02:00  INFO 14564 --- [restartedMain] com.zaxxer.hikari.pool.HikariPool        : HikariPool-1 - Added connection com.mysql.cj.jdbc.ConnectionImpl@39b963f3
2025-03-25T10:48:22.517+02:00  INFO 14564 --- [restartedMain] com.zaxxer.hikari.HikariDataSource       : HikariPool-1 - Start completed.
2025-03-25T10:48:22.873+02:00  INFO 14564 --- [restartedMain] o.h.b.i.BytecodeProviderInitiator        : HHH000021: Bytecode provider name : bytebuddy
2025-03-25T10:48:23.536+02:00  INFO 14564 --- [restartedMain] o.h.e.t.j.p.i.JtaPlatformInitiator       : HHH000490: Using JtaPlatform implementation: [org.hibernate.engine.transaction.jta.platform.internal.NoJtaPlatform]
2025-03-25T10:48:23.683+02:00  INFO 14564 --- [restartedMain] j.LocalContainerEntityManagerFactoryBean : Initialized JPA EntityManagerFactory for persistence unit 'default'
2025-03-25T10:48:25.380+02:00  WARN 14564 --- [restartedMain] JpaBaseConfiguration$JpaWebConfiguration : spring.jpa.open-in-view is enabled by default. Therefore, database queries may be performed during view rendering. Explicitly configure spring.jpa.open-in-view to disable this warning
2025-03-25T10:48:25.639+02:00  INFO 14564 --- [restartedMain] o.s.s.web.DefaultSecurityFilterChain     : Will secure any request with [org.springframework.security.web.session.DisableEncodeUrlFilter@4b51337b, org.springframework.security.web.context.request.async.WebAsyncManagerIntegrationFilter@707818c2, org.springframework.security.web.context.SecurityContextHolderFilter@69f6440f, org.springframework.security.web.header.HeaderWriterFilter@5952a955, org.springframework.security.web.authentication.logout.LogoutFilter@6a944f9d, com.example.security.jwt.JwtAuthenticationFilter@7ebf6c84, org.springframework.security.web.savedrequest.RequestCacheAwareFilter@55a370ac, org.springframework.security.web.servletapi.SecurityContextHolderAwareRequestFilter@182e2889, org.springframework.security.web.authentication.AnonymousAuthenticationFilter@7985aac1, org.springframework.security.web.access.ExceptionTranslationFilter@75bbf4ea, org.springframework.security.web.access.intercept.AuthorizationFilter@1ab278d4]
2025-03-25T10:48:26.157+02:00  INFO 14564 --- [restartedMain] o.s.b.d.a.OptionalLiveReloadServer       : LiveReload server is running on port 35729
2025-03-25T10:48:26.301+02:00  INFO 14564 --- [restartedMain] o.s.i.endpoint.EventDrivenConsumer       : Adding {logging-channel-adapter:_org.springframework.integration.errorLogger} as a subscriber to the 'errorChannel' channel
2025-03-25T10:48:26.302+02:00  INFO 14564 --- [restartedMain] o.s.i.channel.PublishSubscribeChannel    : Channel 'application.errorChannel' has 1 subscriber(s).
2025-03-25T10:48:26.302+02:00  INFO 14564 --- [restartedMain] o.s.i.endpoint.EventDrivenConsumer       : started bean '_org.springframework.integration.errorLogger'
2025-03-25T10:48:26.324+02:00  INFO 14564 --- [restartedMain] o.s.b.w.embedded.tomcat.TomcatWebServer  : Tomcat started on port(s): 8080 (http) with context path ''
2025-03-25T10:48:26.329+02:00  INFO 14564 --- [restartedMain] o.s.a.r.c.CachingConnectionFactory       : Attempting to connect to: [localhost:5672]
2025-03-25T10:48:26.386+02:00  INFO 14564 --- [restartedMain] o.s.a.r.c.CachingConnectionFactory       : Created new connection: rabbitConnectionFactory#57957cd6:0/SimpleConnection@7f4f5a77 [delegate=amqp://guest@127.0.0.1:5672/, localPort=53005]
2025-03-25T10:48:26.452+02:00  INFO 14564 --- [restartedMain] com.example.DemoApplication              : Started DemoApplication in 7.301 seconds (process running for 7.839)
2025-03-25T10:48:42.003+02:00  INFO 14564 --- [http-nio-8080-exec-1] o.a.c.c.C.[Tomcat].[localhost].[/]       : Initializing Spring DispatcherServlet 'dispatcherServlet'
2025-03-25T10:48:42.003+02:00  INFO 14564 --- [http-nio-8080-exec-1] o.s.web.servlet.DispatcherServlet        : Initializing Servlet 'dispatcherServlet'
2025-03-25T10:48:42.006+02:00  INFO 14564 --- [http-nio-8080-exec-1] o.s.web.servlet.DispatcherServlet        : Completed initialization in 2 ms
2025-03-25T10:48:42.530+02:00  INFO 14564 --- [http-nio-8080-exec-1] c.e.controller.course.CourseController   : Creating course by teacher: john_doe
2025-03-25T10:49:39.740+02:00  INFO 14564 --- [org.springframework.amqp.rabbit.RabbitListenerEndpointContainer#0-2] o.s.a.r.l.SimpleMessageListenerContainer : Waiting for workers to finish.
2025-03-25T10:49:40.008+02:00  INFO 14564 --- [org.springframework.amqp.rabbit.RabbitListenerEndpointContainer#0-2] o.s.a.r.l.SimpleMessageListenerContainer : Successfully waited for workers to finish.
2025-03-25T10:49:40.028+02:00  INFO 14564 --- [SpringApplicationShutdownHook] o.s.i.endpoint.EventDrivenConsumer       : Removing {logging-channel-adapter:_org.springframework.integration.errorLogger} as a subscriber to the 'errorChannel' channel
2025-03-25T10:49:40.029+02:00  INFO 14564 --- [SpringApplicationShutdownHook] o.s.i.channel.PublishSubscribeChannel    : Channel 'application.errorChannel' has 0 subscriber(s).
2025-03-25T10:49:40.029+02:00  INFO 14564 --- [SpringApplicationShutdownHook] o.s.i.endpoint.EventDrivenConsumer       : stopped bean '_org.springframework.integration.errorLogger'
2025-03-25T10:49:40.035+02:00  INFO 14564 --- [SpringApplicationShutdownHook] j.LocalContainerEntityManagerFactoryBean : Closing JPA EntityManagerFactory for persistence unit 'default'
2025-03-25T10:49:40.037+02:00  INFO 14564 --- [SpringApplicationShutdownHook] com.zaxxer.hikari.HikariDataSource       : HikariPool-1 - Shutdown initiated...
2025-03-25T10:49:40.050+02:00  INFO 14564 --- [SpringApplicationShutdownHook] com.zaxxer.hikari.HikariDataSource       : HikariPool-1 - Shutdown completed.
